,uid,predict
0,13101-1,31336700.812907223
1,13101-2,16722397.227125943
2,13101-4,26765196.473031756
3,13101-5,62688442.88107689
4,13101-6,22919298.277486183
5,13101-7,70175370.49630588
6,13101-8,39243016.523220435
7,13101-9,53716270.468476884
8,13101-10,27375019.09504606
9,13101-11,53657575.017075
10,13101-12,27375019.09504606
11,13101-14,53716270.468476884
12,13101-15,57101364.45273095
13,13101-17,51150748.294440165
14,13101-18,19073400.081940606
15,13101-19,72740892.6703426
16,13101-21,81713065.0829426
17,13101-22,53716270.468476884
18,13101-23,51150748.294440165
19,13101-26,48352518.177133426
20,13101-29,69127702.41806704
21,13101-30,22019394.95161715
22,13101-31,70175370.49630588
23,13101-163,27440024.093201786
24,13101-164,24874501.919165064
25,13101-227,31578803.360816628
26,13101-228,32304353.12528944
27,13101-229,32304353.12528944
28,13101-230,32304353.12528944
29,13101-234,17880416.125138886
30,13101-235,14034517.92959331
31,13101-237,32304353.12528944
32,13101-238,32304353.12528944
33,13101-239,32304353.12528944
34,13101-242,12920095.28450222
35,13101-243,31578803.360816628
36,13101-244,12920095.28450222
37,13101-245,16765993.480047796
38,13101-246,20611891.675593372
39,13101-249,32304353.12528944
40,13101-250,28685982.809221346
41,13101-252,12920095.28450222
42,13101-358,48373756.34369601
43,13101-373,37662174.49201523
44,13101-375,74806192.18131399
45,13101-376,46418460.92403726
46,13101-378,49925475.22298185
47,13101-379,27856281.63188288
48,13101-380,27856281.63188288
49,13101-381,49925475.22298185
50,13101-382,27856281.63188288
51,13101-384,47788991.68738924
52,13101-386,31702179.827428453
53,13101-476,30853253.596343808
54,13101-478,31578803.360816628
55,13101-479,31578803.360816628
56,13101-481,31578803.360816628
57,13101-489,30853253.596343808
58,13101-491,14063932.78705484
59,13101-492,14063932.78705484
60,13101-495,12027219.74954331
61,13101-496,14592741.923580036
62,13101-497,12027219.74954331
63,13101-498,12027219.74954331
64,13101-499,10218034.591509264
65,13101-501,9492484.827036452
66,13101-502,14063932.78705484
67,13101-503,20444622.284964353
68,13101-506,14063932.78705484
69,13101-519,35424701.5563622
70,13101-520,35424701.5563622
71,13101-521,30311435.899563193
72,13101-522,39628685.38099619
73,13101-523,30311435.899563193
74,13101-524,34502411.16394176
75,13101-525,30311435.899563193
76,13101-527,36150251.32083502
77,13101-528,57078777.82731612
78,13101-530,31936888.98990504
79,13101-531,31936888.98990504
80,13101-533,31936888.98990504
81,13101-535,55737884.30750838
82,13101-536,35424701.5563622
83,13101-537,33387988.518850677
84,13101-538,31036985.664036013
85,13101-539,31936888.98990504
86,13101-542,39628685.38099619
87,13101-543,35424701.5563622
88,13101-562,51480726.16479313
89,13101-563,50755120.02046324
90,13101-567,50213358.7035397
91,13101-568,44361478.34215538
92,13101-603,30853253.596343808
93,13101-604,30853253.596343808
94,13101-605,30853253.596343808
95,13101-615,31711614.713581514
96,13101-616,28756184.95775191
97,13101-617,48116290.0649478
98,13101-620,46805126.79190908
99,13101-621,39698887.529526755
100,13101-622,30986008.569251627
101,13101-623,28756184.95775191
102,13101-625,48116290.0649478
103,13101-627,46805126.79190908
104,13101-636,45309715.092413604
105,13101-638,74929655.4340789
106,13101-639,10034407.698295683
107,13101-643,63258830.04863264
108,13101-644,10034407.698295683
109,13101-647,25407792.288437102
110,13101-666,27605850.327089425
111,13101-671,53476918.982932754
112,13101-673,25040328.153052703
113,13101-674,61593154.82060787
114,13101-675,62318760.96493776
115,13101-676,57519557.80642595
116,13101-677,34357577.6344857
117,13101-678,47390223.94171041
118,13101-679,68405456.00616011
119,13101-681,66259022.27575594
120,13101-683,57519557.80642595
121,13101-685,34644084.664238065
122,13101-686,74893688.1187565
123,13101-689,47390223.94171041
124,13101-690,80257440.41009997
125,13101-730,64732887.16036217
126,13101-732,84474432.79498938
127,13101-734,50364127.01125898
128,13101-735,55917060.17117952
129,13101-736,19196060.63092444
130,13101-737,80898604.63235357
131,13101-738,80628534.5994438
132,13101-739,33628397.81605345
133,13101-740,21310157.09996564
134,13101-741,83085886.09042099
135,13101-742,56597494.733021446
136,13101-743,65063586.14517574
137,13101-744,50364127.01125898
138,13101-746,58730120.89563868
139,13101-747,86931784.28596658
140,13101-748,47573511.28950716
141,13101-749,36616422.83047534
142,13101-750,19043115.8147621
143,13101-751,22935610.190307483
144,13101-752,31490148.61342091
145,13101-753,111640455.04604477
146,13101-754,40137595.69766096
147,13101-755,42703117.87169769
148,13101-756,28116880.772340182
149,13101-757,21655234.168798633
150,13101-758,21655234.168798633
151,13101-760,19768721.959091987
152,13101-808,29051096.229219884
153,13101-809,29051096.229219884
154,13101-810,45832614.222266555
155,13101-811,29051096.229219884
156,13101-813,63906150.13572158
157,13101-1019,65412361.9721324
158,13101-1021,20742648.984067734
159,13101-1022,57315883.77195301
160,13101-1023,73242544.60929736
161,13101-1024,57315883.77195301
162,13101-1025,57306732.58467296
163,13101-1029,73242544.60929736
164,13101-1030,50764698.08562265
165,13101-1031,54750361.59791629
166,13101-1032,44374298.12123585
167,13101-1034,74693644.138243
168,13101-1037,40528399.92569027
169,13101-1038,54750361.59791629
170,13101-1041,77088442.80484295
171,13101-1042,73242544.60929736
172,13101-1048,73846020.04051766
173,13101-1049,88996904.87942997
174,13101-1050,86431382.70539322
175,13101-1052,68365290.24833426
176,13101-1053,77691918.23606324
177,13101-1055,76411542.2145544
178,13101-1057,86431382.70539322
179,13101-1058,86206234.52149376
180,13101-1059,64844117.38114864
181,13101-1061,67020766.67456709
182,13101-1070,101757976.58963117
183,13101-1073,58730153.68875095
184,13101-1074,38304999.26142695
185,13101-1075,68799311.12469569
186,13101-1076,62880963.19530368
187,13101-1083,73842195.46065456
188,13102-1127,44143911.71955779
189,13102-1129,44143911.71955779
190,13104-70,61259107.365809
191,13104-71,9439415.683433801
192,13104-72,99919028.39171582
193,13104-73,28842430.536813
194,13104-74,28842430.536813
195,13104-75,84892270.88024051
196,13104-90,57973783.87963601
197,13104-93,69458304.14819148
198,13104-98,65673408.76719005
199,13104-99,49827932.35449366
200,13104-101,60997991.866587125
201,13104-102,56208394.533387244
202,13104-103,60997991.866587125
203,13104-104,62893938.96244684
204,13104-105,69458304.14819148
205,13104-138,71441842.86762173
206,13104-139,24314778.388579883
207,13104-140,35204306.64227346
208,13104-141,35204306.64227346
209,13104-142,43500529.93437955
210,13104-143,44042347.63116017
211,13104-144,35204306.64227346
212,13104-145,40859389.99585309
213,13104-146,24314778.388579883
214,13104-147,24314778.388579883
215,13104-148,35204306.64227346
216,13104-149,51807702.87391789
217,13104-150,55653601.06946347
218,13104-246,37883647.95285332
219,13104-249,50896423.86286816
220,13104-255,11103070.14582904
221,13104-256,37883647.95285332
222,13104-259,46412350.12554081
223,13104-264,46412350.12554081
224,13104-267,29693829.676766835
225,13104-268,50896423.86286816
226,13104-269,45077422.458949134
227,13104-275,24374388.50586715
228,13104-361,41456883.49034271
229,13104-362,22377480.58070557
230,13104-378,3200394.039329618
231,13104-383,7046292.234875191
232,13104-554,65387941.81564432
233,13104-555,25262261.592798293
234,13104-556,15920802.997916888
235,13104-557,48284532.827847555
236,13104-558,73928017.22435634
237,13104-559,58972891.39210258
238,13104-560,28513167.773481987
239,13104-562,13784319.46232428
240,13104-563,35068154.452930644
241,13104-565,40094714.55176106
242,13104-567,36262165.985998996
243,13104-568,14407150.644594003
244,13104-569,22313466.354907215
245,13104-570,40592736.4367564
246,13104-571,32891505.159512196
247,13104-572,27603885.94131697
248,13104-573,28718308.586408064
249,13104-574,23032437.98129858
250,13104-575,17446541.970034726
251,13104-576,32644831.927404366
252,13104-579,21808866.331830427
253,13104-580,25610968.715590723
254,13104-581,31256673.562874362
255,13104-582,12056147.789779339
256,13104-589,58055781.063474685
257,13104-590,36351307.619402654
258,13104-591,41561714.34522706
259,13104-592,58247341.627629764
260,13104-593,18523542.845657438
261,13104-594,64465651.42322388
262,13104-595,16888711.249019604
263,13104-596,27245800.312228557
264,13104-597,31091698.507774133
265,13104-598,58972891.39210258
266,13104-599,91261561.1062245
267,13104-603,27062068.244536355
268,13104-604,25262261.592798293
269,13104-605,32891505.159512196
270,13104-606,17063064.81041582
271,13104-607,26336518.48006354
272,13104-609,63059897.71589663
273,13104-610,15064695.48383313
274,13104-611,102850050.31536451
275,13104-612,25262261.592798293
276,13104-613,36665083.684346154
277,13104-618,12965429.621944353
278,13104-619,35214497.90776016
279,13104-620,70751694.10698777
280,13104-621,15597134.674317759
281,13104-622,45082429.83991012
282,13104-623,31982223.327347178
283,13104-624,27787618.00900917
284,13104-625,27245800.312228557
285,13104-626,28513167.773481987
286,13104-628,33785785.44536593
287,13104-629,15064695.48383313
288,13104-630,26520250.54775574
289,13104-631,66905795.911442205
290,13104-632,27787618.00900917
291,13104-633,25427236.647898525
292,13104-636,54437410.74740659
293,13104-637,26520250.54775574
294,13104-639,37192459.11401273
295,13104-640,11218797.288287558
296,13104-641,32530230.822170865
297,13104-643,37390633.44881897
298,13104-644,27787618.00900917
299,13104-645,27062068.244536355
300,13104-650,22550372.74068068
301,13104-651,15920802.997916888
302,13104-652,83569764.71513337
303,13104-653,28718308.586408064
304,13104-654,10493247.523814742
305,13104-655,32648975.73372343
306,13104-656,26580059.383775525
307,13104-657,31982223.327347178
308,13104-658,25262261.592798293
309,13104-659,55860157.35658474
310,13104-660,64340273.73740548
311,13104-661,62390322.63771961
312,13104-664,29239158.883661326
313,13104-665,21089065.019694164
314,13104-666,18523542.845657438
315,13104-667,23985515.625248875
316,13104-668,12056147.789779339
317,13104-669,27062068.244536355
318,13104-670,126650989.25311077
319,13104-671,110541846.70645565
320,13104-672,25262261.592798293
321,13104-673,26520250.54775574
322,13104-674,70751694.10698777
323,13104-675,27062068.244536355
324,13104-676,64296477.925620206
325,13104-678,72032070.12849663
326,13104-679,26152786.412371337
327,13104-680,27173480.641516943
328,13104-686,26520250.54775574
329,13104-687,67953463.98968104
330,13104-688,32165955.39503938
331,13104-689,26520250.54775574
332,13104-690,49281406.28358313
333,13104-691,23474485.17999812
334,13104-692,26520250.54775574
335,13104-693,16904667.89339704
336,13104-694,15597134.674317759
337,13104-695,16888711.249019604
338,13104-696,61542043.62009874
339,13104-697,41962595.161197
340,13104-698,19628586.984452542
341,13104-702,17063064.81041582
342,13104-703,48100800.76015535
343,13104-704,45808493.356742576
344,13104-705,65387941.81564432
345,13104-706,12781697.554252155
346,13104-707,26336518.48006354
347,13104-708,126650989.25311077
348,13104-709,26520250.54775574
349,13104-711,71840719.98896259
350,13104-712,61333486.47780584
351,13104-713,31933189.139298066
352,13104-715,7198759.2559383735
353,13104-716,55409459.12854146
354,13104-717,57974981.30257818
355,13104-719,55409459.12854146
356,13104-720,10991483.133402683
357,13104-721,61820879.49812376
358,13104-725,66911186.39985579
359,13104-771,27768444.437668335
360,13104-772,23524294.8552085
361,13104-773,26286557.657192845
362,13104-774,23922546.24212276
363,13104-775,20578299.985531956
364,13104-776,24424198.181077532
365,13104-777,43121249.96832078
366,13104-778,32604637.950868033
367,13104-779,23166209.226120085
368,13104-780,28758739.75532246
369,13104-783,57952645.92252272
370,13104-784,32021229.898749724
371,13104-785,41022040.48628908
372,13104-786,33330187.715340853
373,13104-787,28758739.75532246
374,13104-788,44867938.68183465
375,13104-789,33539083.994547613
376,13104-791,15527587.153110199
377,13104-792,34597555.17659429
378,13104-793,35323104.9410671
379,13104-794,35323104.9410671
380,13104-797,32604637.950868033
381,13104-798,23524294.8552085
382,13104-799,23524294.8552085
383,13104-801,28758739.75532246
384,13104-802,28758739.75532246
385,13104-803,32021229.898749724
386,13104-807,22082573.83255885
387,13104-808,35884509.33618459
388,13104-809,16978686.68205583
389,13104-810,32053567.16011269
390,13104-811,19544208.856092554
391,13104-812,64364066.29210503
392,13104-813,53836253.721459284
393,13104-817,23891758.9905929
394,13104-818,27012107.42166566
395,13104-820,23166209.226120085
396,13104-821,28289294.734921597
397,13104-822,23390107.05163813
398,13104-823,15895051.288494598
399,13104-825,64197541.22717169
400,13104-826,15711319.220802397
401,13104-827,23891758.9905929
402,13104-828,21173292.000393838
403,13104-829,42395700.20384796
404,13104-830,20099035.113128588
405,13104-831,15527587.153110199
406,13104-833,34586752.07278644
407,13104-834,20541082.311828125
408,13104-835,25731731.400156807
409,13104-836,10283763.74670025
410,13104-837,66857085.44695294
411,13104-838,14985769.45632958
412,13104-840,28192712.945093434
413,13104-841,38432650.26833202
414,13104-845,23166209.226120085
415,13104-848,32436474.187514894
416,13104-849,24424198.181077532
417,13104-850,23166209.226120085
418,13104-851,20824584.877601407
419,13104-900,27111054.67952782
420,13104-901,27111054.67952782
421,13104-903,27111054.67952782
422,13104-1055,40868469.61356228
423,13104-1056,22972472.59556745
424,13104-1057,22972472.59556745
425,13104-1058,25537994.769604173
426,13104-1059,22972472.59556745
427,13104-1060,15280676.204476297
428,13104-1061,20913372.491504513
429,13104-1062,17846198.37851302
430,13104-1063,15280676.204476297
431,13104-1064,15280676.204476297
432,13104-1065,17846198.37851302
433,13104-1066,45493091.891661935
434,13104-1067,22972472.59556745
435,13104-1068,19126574.400021873
436,13104-1069,25537994.769604173
437,13104-1070,42927569.717625216
438,13104-1082,72430232.9069989
439,13104-1083,26098273.12749664
440,13104-1084,36997179.88748621
441,13104-1085,36997179.88748621
442,13104-1088,26107651.633792628
443,13104-1089,63690768.4376689
444,13104-1090,34646177.03267155
445,13104-1091,40631335.908772886
446,13104-1093,22252374.93195107
447,13104-1095,68584334.71145332
448,13104-1096,28676803.861788787
449,13104-1097,26098273.12749664
450,13104-1098,40447603.84108068
451,13104-1099,43044377.83560517
452,13104-1100,56590334.0074802
453,13104-1101,37833105.79146615
454,13104-1102,26107651.633792628
455,13104-1103,48821154.18485937
456,13104-1104,52744435.81193462
457,13104-1105,35826782.55609932
458,13104-1108,24830905.66624321
459,13104-1109,45019051.80109907
460,13104-1110,47809324.70965012
461,13104-1111,49778089.20178503
462,13104-1112,38607631.431516774
463,13104-1114,22252374.93195107
464,13104-1115,46255632.01082265
465,13104-1116,37833105.79146615
466,13104-1117,28673173.80782935
467,13104-1118,18933463.826033685
468,13104-1119,42453529.62706235
469,13104-1120,65252415.04528052
470,13104-1121,35267583.61742942
471,13104-1122,38912770.06153986
472,13104-1123,50430650.63082378
473,13104-1124,21498986.000070408
474,13104-1125,58577502.780869894
475,13104-1135,67124419.40343595
476,13104-1136,11362076.79652815
477,13104-1429,67945077.66408779
478,13104-1430,67712369.72081777
479,13104-1467,82090229.87840196
480,13104-1468,24000876.129248384
481,13104-1469,66592160.31214257
482,13104-1672,68724270.96736024
483,13104-2201,69637271.46189669
484,13104-2202,62993143.14904438
485,13104-2203,7597488.437951796
486,13104-2204,26072464.446574003
487,13104-2205,2702372.154334277
488,13104-2208,35912774.61219565
489,13104-2209,35912774.61219565
490,13104-2210,36638380.75652553
491,13104-2211,7597488.437951796
492,13104-2212,35912774.61219565
493,13104-2213,11443386.633497372
494,13104-2214,35912774.61219565
495,13104-2215,5267894.328371
496,13104-2216,35912774.61219565
497,13104-2217,35912774.61219565
498,13104-2218,35187224.84772283
499,13104-2219,36638380.75652553
500,13104-2220,35912774.61219565
501,13104-2221,35912774.61219565
502,13104-2225,12146549.331418779
503,13104-2226,9048587.966897428
504,13104-2227,13999530.301238108
505,13104-2229,35482883.06475525
506,13104-2230,2702372.154334277
507,13104-2232,44523287.72160487
508,13104-2751,73880437.34600696
509,13104-2752,21954397.027469233
510,13104-2753,50011493.483027
511,13104-2814,25556455.430716027
512,13104-2816,69757111.73841822
513,13104-2817,20994385.97699362
514,13104-2819,33248251.821807176
515,13104-2820,49213884.438453004
516,13104-2821,66600795.99202306
517,13104-2822,61487530.33522405
518,13104-2823,54373518.9562359
519,13104-2845,36151789.84649187
520,13104-2846,26094159.99343364
521,13104-2847,27429532.37992076
522,13104-2850,81148377.23950702
523,13104-2851,47070339.68467538
524,13104-2852,36652017.1879348
525,13104-2856,47795889.4491482
526,13104-2863,43063437.5575171
527,13104-2865,66374607.07933901
528,13104-2866,81148377.23950702
529,13104-2867,27429532.37992076
530,13104-2869,54113969.74282339
531,13104-2873,56604681.534529045
532,13104-2874,29596803.16704322
533,13104-2875,58344311.757496305
534,13104-2876,29054985.470262606
535,13104-2877,56016267.65774862
536,13104-2878,25620347.22188671
537,13104-2879,64755732.127078615
538,13104-2880,29596803.16704322
539,13104-2881,58344311.757496305
540,13104-2882,28015145.88848665
541,13104-2883,57296643.67925747
542,13104-2884,62360933.46047866
543,13104-2885,25583129.548182882
544,13104-2887,59795411.28644194
545,13104-2888,58344311.757496305
546,13104-2889,58022193.44373029
547,13104-2891,62593641.403748676
548,13104-2892,53450745.4837119
549,13104-2893,52855980.787865944
550,13104-2894,25620347.22188671
551,13104-2895,38717312.0205286
552,13104-2896,15988807.923150573
553,13104-2897,18523542.845657438
554,13104-2898,32162325.341079943
555,13104-2899,57296643.67925747
556,13104-2900,56371973.59125903
557,13104-2901,23017607.374146156
558,13104-2902,29054985.470262606
559,13104-2904,32900883.66580818
560,13104-2905,36151789.84649187
561,13104-2906,36151789.84649187
562,13104-2907,36151789.84649187
563,13104-2908,36151789.84649187
564,13104-2909,36151789.84649187
565,13104-2911,32054154.658020414
566,13104-2912,36151789.84649187
567,13104-2913,36151789.84649187
568,13104-2914,36151789.84649187
569,13104-2918,22369441.041203015
570,13104-2919,41545814.0807067
571,13104-2920,51684526.451718226
572,13104-2921,25620347.22188671
573,13104-2925,25620347.22188671
574,13104-2926,58344311.757496305
575,13104-2927,61313265.382239826
576,13104-3000,67362313.07181826
577,13104-3015,57951822.6823038
578,13104-3016,68102220.92275357
579,13104-3018,57569527.93976698
580,13104-3020,73564193.70234501
581,13104-3022,68102220.92275357
582,13104-3023,32569397.405159824
583,13104-3025,26401461.55943244
584,13104-3026,69942193.3323175
585,13104-3028,30003875.2311231
586,13104-3029,57569527.93976698
587,13104-3254,28143843.44400694
588,13104-3255,25578321.269970216
589,13104-3260,60388967.07982126
590,13104-3263,30541442.478821415
591,13104-3266,30541442.478821415
592,13104-3267,33106964.652858138
593,13104-3286,27281157.791841734
594,13104-3290,23308952.29576752
595,13104-3291,33763011.48884302
596,13104-3292,49547485.08699526
597,13104-3293,33763011.48884302
598,13104-3294,47893679.07688593
599,13104-3300,57239281.478086405
600,13104-3301,42485268.95541414
601,13104-3303,51159309.221958816
602,13104-3304,56042473.950081736
603,13104-3305,38438379.68283864
604,13104-3306,83919412.01204967
605,13104-3307,58159755.753186926
606,13104-3308,68535819.22986737
607,13104-3313,68535819.22986737
608,13104-3314,60844022.838776216
609,13104-3370,27558751.16273826
610,13104-3371,20331389.036898054
611,13104-3372,21782488.565843686
612,13113-898,40573383.283786505
613,13113-899,38396733.99036805
614,13113-900,38396677.61051098
615,13113-901,43138905.45782323
616,13113-902,40573383.283786505
617,13113-903,61943328.920594506
618,13113-906,29867530.71792805
619,13113-907,54515255.04331916
620,13113-908,39122283.75484087
621,13113-911,65002674.53712312
622,13113-913,65060047.29770783
623,13113-916,61768975.359198295
624,13113-917,67179323.83054157
625,13113-918,49638895.77229361
626,13113-928,27311036.76174548
627,13113-929,19619240.37065433
628,13113-931,59440433.25510129
629,13113-932,72460014.62221351
630,13113-933,75786482.18752988
631,13113-935,31140978.31291362
632,13113-936,65506776.555850595
633,13113-938,54168770.681283504
634,13113-939,51768450.88136294
635,13113-941,18625996.96887819
636,13113-943,69894492.44817679
637,13113-944,29478363.92872502
638,13113-945,47356525.87558834
639,13113-946,38490702.099150866
640,13113-947,55224053.155077256
641,13113-950,24890902.944472115
642,13113-1857,13436303.85922362
643,13113-1858,9634201.475463323
644,13113-1859,12536400.533354588
645,13113-1860,52354793.04958701
646,13113-1861,30223273.95312673
647,13113-1862,11985204.330277987
648,13113-1863,9634201.475463323
649,13113-1864,12536400.533354588
650,13113-1866,20446346.297627237
651,13113-1867,16687210.039907314
652,13113-1869,30687708.218377672
653,13113-1870,12536400.533354588
654,13113-1871,8139306.13473241
655,13113-1872,50262332.64479561
656,13113-1873,9634201.475463323
657,13113-1874,32138807.747323304
658,13113-1876,24661530.675454214
659,13113-1878,9634201.475463323
660,13113-1879,9634201.475463323
661,13113-1880,9634201.475463323
662,13113-1882,15101922.707391314
663,13113-1883,32702034.189337794
664,13113-1885,12536400.533354588
665,13113-1886,12536400.533354588
666,13113-1887,12536400.533354588
667,13113-1892,55615077.73656669
668,13113-1893,11985204.330277987
669,13113-1894,23721461.59175934
670,13113-1895,22096008.501417488
671,13113-1896,12536400.533354588
672,13113-1897,9634201.475463323
673,13113-1899,38553914.55072211
674,13113-1901,23547108.03036312
675,13113-1902,35742176.51708012
676,13113-1903,12536400.533354588
677,13113-1904,11985204.330277987
678,13113-1907,12536400.533354588
679,13113-1908,15101922.707391314
680,13113-1909,21370458.736944675
681,13113-1911,58263989.79169896
682,13113-1971,22670457.83926839
683,13113-1972,11918065.473267194
684,13113-1973,40632637.735599905
685,13113-1974,31499063.942002036
686,13113-1977,39894023.0310146
687,13113-1978,52198240.52210866
688,13113-1979,46139725.71782224
689,13113-1982,31760179.44122391
690,13113-1983,21219358.310322758
691,13113-1984,15496270.031509448
692,13113-1985,25432720.641252734
693,13113-1986,24890902.944472115
694,13113-1989,72958036.50720885
695,13113-1990,58898615.55832067
696,13113-1992,52922240.276748374
697,13113-1994,49985623.91336781
698,13113-1995,49722359.33755542
699,13113-1996,29960814.13519237
700,13113-1998,11447882.755679697
701,13113-1999,28322740.824633475
702,13113-2000,28132430.618859828
703,13113-2001,25278010.158050463
704,13113-2002,24890902.944472115
705,13113-2003,26158270.40572555
706,13113-2004,16458726.181755729
707,13113-2005,37521667.81082313
708,13113-2006,11447882.755679697
709,13113-2008,28736801.140017692
710,13113-2009,31034629.676751092
711,13113-2010,29104265.275402095
712,13114-33,10633397.504314266
713,13114-34,62921721.89444386
714,13114-35,1727407.9700509533
715,13114-36,63633694.71011724
716,13114-37,21831592.53529569
717,13114-39,20613643.925842836
718,13114-41,64313898.65297168
719,13114-42,59245978.81779105
720,13114-45,58704161.12101044
721,13114-46,48033009.55951427
722,13114-47,56531710.27009543
723,13114-49,51728535.98809612
724,13114-50,46752633.53800543
725,13114-51,23179166.09987956
726,13114-52,60835464.5928105
727,13114-53,10817129.572006468
728,13114-54,60356199.72040713
729,13114-55,52715813.536656186
730,13114-56,9951643.551626734
731,13114-60,21155461.62262345
732,13114-61,21831592.53529569
733,13114-62,59124799.5744761
734,13114-64,58210337.67851854
735,13114-65,20613643.925842836
736,13114-66,10817129.572006468
737,13114-69,1727407.9700509533
738,13114-70,9951643.551626734
739,13114-73,51798917.308936246
740,13114-74,1727407.9700509533
741,13114-75,9951643.551626734
742,13114-76,36059845.91225946
743,13114-78,24459542.121388413
744,13114-79,53333978.407492995
745,13114-81,24459542.121388413
746,13114-85,4480292.2657393105
747,13114-86,10817129.572006468
748,13114-380,49077443.63978927
749,13114-580,41076141.43919192
750,13114-581,34284191.99411273
751,13114-582,24932966.55289696
752,13114-583,45267116.7035705
753,13114-589,70031534.83092855
754,13114-590,33558642.22963992
755,13114-591,26577176.65583078
756,13114-592,34284191.99411273
757,13114-593,60252458.09883854
758,13114-599,18969786.554246202
759,13114-600,26287484.29201443
760,13114-602,33558642.22963992
761,13114-603,64821299.044263005
762,13114-604,22983403.793249473
763,13114-608,22983403.793249473
764,13114-609,13177510.933117121
765,13114-610,24966942.512679733
766,13114-621,37404540.42518549
767,13114-622,14062583.651833728
768,13114-623,22983403.793249473
769,13114-627,26274475.73175901
770,13114-628,18969786.554246202
771,13114-629,14788133.416306544
772,13114-634,31734238.124415066
773,13114-635,38586521.71931595
774,13114-636,22441586.09646886
775,13114-637,25866845.83854877
776,13114-638,30394497.98678188
777,13114-639,23883307.119118504
778,13114-640,39929508.50135799
779,13114-650,16404264.38020948
780,13114-651,16628105.82587045
781,13114-652,66056628.89560515
782,13114-662,33558642.22963992
783,13114-663,24966942.512679733
784,13114-664,40655058.26583081
785,13114-665,23708953.557722285
786,13114-679,23316891.968851097
787,13114-680,62013990.07211194
788,13114-681,23708953.557722285
789,13114-684,24562260.703591507
790,13114-685,15743033.107153844
791,13114-686,33558642.22963992
792,13114-687,24966942.512679733
793,13114-688,24966942.512679733
794,13114-693,28248635.94489329
795,13114-695,42584386.40970634
796,13114-696,56048474.27420455
797,13114-697,52884102.71233058
798,13114-698,15731888.933817927
799,13114-699,56730000.907876156
800,13114-701,25683113.770856567
801,13114-702,41048074.952768154
802,13114-703,21140242.675432652
803,13114-706,28040306.423714302
804,13114-707,44357834.87140548
805,13114-708,21890389.893392254
806,13114-712,10605558.33690643
807,13114-716,18992173.62079761
808,13114-717,16631735.879829887
809,13114-718,7740576.952718988
810,13114-719,36040202.83406552
811,13114-720,37602714.759991735
812,13114-721,39886101.029611096
813,13114-722,18689027.97683039
814,13114-723,39886101.029611096
815,13114-724,43731999.22515667
816,13114-725,8245176.975795783
817,13114-726,39886101.029611096
818,13114-727,36765808.9783954
819,13114-728,48303503.56503213
820,13114-729,16123505.802793663
821,13114-730,4629607.027942218
822,13114-731,36040202.83406552
823,13114-732,47577897.42070225
824,13114-733,48303503.56503213
825,13114-734,34051041.07461996
826,13114-735,39886101.029611096
827,13114-736,24369150.12960332
828,13114-737,43731999.22515667
829,13114-738,68038617.6052023
830,13114-739,66414714.524693556
831,13114-740,41604950.57571712
832,13114-741,40611707.17394099
833,13114-744,60067669.026385516
834,13114-745,24415746.309603132
835,13114-746,14933963.118776428
836,13114-747,25403593.990379907
837,13114-748,36040202.83406552
838,13114-749,36040202.83406552
839,13114-750,18689027.97683039
840,13114-751,71054167.40994564
841,13114-754,31135833.456473272
842,13114-755,9017322.920268409
843,13114-756,30970732.98905179
844,13114-757,9926604.752433427
845,13114-758,12492126.92647015
846,13114-759,34467924.061804935
847,13114-760,55201745.26641679
848,13114-761,38139468.69595429
849,13114-762,22257854.028776653
850,13114-763,44306809.62991473
851,13114-764,40587498.060492575
852,13114-771,49544054.89824322
853,13114-772,16123505.802793663
854,13114-773,22257854.028776653
855,13114-774,75154178.99402355
856,13114-778,34467924.061804935
857,13114-779,48312654.75231219
858,13114-780,25150674.580371935
859,13114-787,74549808.47286567
860,13114-788,41240671.7743967
861,13114-795,24415746.309603132
862,13114-796,24067039.186810702
863,13114-797,28996572.775917508
864,13114-798,24415746.309603132
865,13114-799,15397956.038320847
866,13114-800,25150674.580371935
867,13114-801,41782934.19107278
868,13114-803,15397956.038320847
869,13114-804,15936973.366886932
870,13114-805,28441746.518881474
871,13114-806,64192719.409656726
872,13114-807,44975213.952818766
873,13114-812,35460996.52442221
874,13114-813,24415746.309603132
875,13114-814,18992173.62079761
876,13114-815,24415746.309603132
877,13114-818,48312654.75231219
878,13114-819,24294567.06628818
879,13114-820,24067039.186810702
880,13114-821,14672406.27384803
881,13114-822,7740576.952718988
882,13114-823,36030435.98773116
883,13114-824,45734124.01802004
884,13114-829,44433396.256038144
885,13114-830,30211207.264796197
886,13114-831,25150674.580371935
887,13114-832,56601877.49002761
888,13114-833,24067039.186810702
889,13114-834,14672406.27384803
890,13114-837,21803627.955566596
891,13114-838,34467924.061804935
892,13114-839,24067039.186810702
893,13114-840,62568816.32914798
894,13114-852,53424993.77428961
895,13114-853,64729980.417656325
896,13114-868,15254389.728454493
897,13114-871,72867551.01048315
898,13114-872,65546848.80873582
899,13114-873,60653282.534951404
900,13114-881,27884801.863468323
901,13114-882,31363588.654966682
902,13114-883,11770207.215956762
903,13114-884,38366996.57543177
904,13114-885,16086288.129089836
905,13114-886,50349595.108839646
906,13114-888,4963483.543582227
907,13114-889,29660752.133095164
908,13114-892,60653282.534951404
909,13114-893,39553179.61203724
910,13114-894,9406195.80088668
911,13114-895,9201054.98796061
912,13114-896,62821383.00781877
913,13114-897,13520765.955053113
914,13114-898,41443605.57457633
915,13114-899,61383588.39060867
916,13114-902,11770207.215956762
917,13114-903,27095229.95905844
918,13114-904,12810046.797732722
919,13114-905,64499180.73049698
920,13114-906,19243854.233866423
921,13114-916,43747784.93037525
922,13114-917,59761207.70554526
923,13114-918,17260315.51443616
924,13114-919,21551890.96264071
925,13114-920,51800467.31876935
926,13114-921,41777254.7712004
927,13114-922,41777254.7712004
928,13114-923,54364439.482972965
929,13114-924,29660752.133095164
930,13114-925,6840673.626849957
931,13114-932,58443045.62178856
932,13114-933,61562564.36711642
933,13114-934,67925566.50980191
934,13114-935,27095229.95905844
935,13114-936,42601824.03145269
936,13114-938,21551890.96264071
937,13114-939,43332323.24073056
938,13114-945,67973984.73669872
939,13114-947,31730700.059013896
940,13114-948,45223320.89178522
941,13114-949,53242188.341419
942,13114-950,27095229.95905844
943,13114-951,68038617.6052023
944,13114-952,11041027.397524517
945,13114-953,58386241.24974786
946,13114-954,46566022.41865539
947,13114-958,5389574.0979043245
948,13114-959,57235851.28933437
949,13114-960,24478299.133980382
950,13114-961,11770207.215956762
951,13114-962,48687947.384159476
952,13114-963,13520765.955053113
953,13114-964,23778084.52018099
954,13114-965,61896440.88275643
955,13114-976,27225787.708669376
956,13114-977,21952942.717769504
957,13114-978,3720325.1957771964
958,13114-979,8475505.223487794
959,13114-980,58878297.28152713
960,13114-981,37158380.9454373
961,13114-982,4963483.543582227
962,13114-983,45624975.01364298
963,13114-984,28489172.384626187
964,13114-985,56326569.457169354
965,13114-989,55758166.25133389
966,13114-990,28489172.384626187
967,13114-991,7529005.71761895
968,13114-992,22712909.78773161
969,13114-994,48750500.20853672
970,13114-995,15397956.038320847
971,13114-996,21938168.490474153
972,13114-997,33151137.74875093
973,13114-1007,23515842.9837341
974,13114-1008,70123052.85993865
975,13114-1009,30616402.826244064
976,13114-1010,11000861.63969867
977,13114-1011,60119293.33463366
978,13114-1014,36463104.680134706
979,13114-1015,27361741.179279678
980,13114-1020,46670821.04498481
981,13114-1021,52893481.218626566
982,13114-1022,50685066.352360725
983,13114-1023,56257314.17355424
984,13114-1024,11542679.336479284
985,13114-1025,11542679.336479284
986,13114-1026,11542679.336479284
987,13114-1113,20121891.853885666
988,13114-1114,24877071.881596256
989,13114-1117,6737794.435511056
990,13114-1120,20305623.921577867
991,13114-1122,18138353.1344554
992,13114-1123,4172272.2614743337
993,13114-1126,58229616.05181213
994,13114-1127,25646417.457854353
995,13114-1129,18138353.1344554
996,13114-1130,38796612.95443457
997,13114-1131,18138353.1344554
998,13114-1135,14055468.538141264
999,13114-1141,13218562.756544933
1000,13114-1302,26819923.482499063
1001,13114-1303,68030789.10873942
1002,13114-1304,31503297.591857675
1003,13114-1305,32783673.61336653
1004,13114-1306,46775020.60455683
1005,13114-1307,16444430.138035323
1006,13114-1308,23883307.119118504
1007,13114-1310,39083224.213465676
1008,13114-1312,28819030.506268382
1009,13114-1313,46775020.60455683
1010,13114-1314,60338992.71764827
1011,13114-1315,22974025.286953487
1012,13114-1316,26819923.482499063
1013,13114-1317,23883307.119118504
1014,13114-1322,40735886.1878739
1015,13114-1323,69119246.31981562
1016,13114-1324,39997100.54412973
1017,13114-1325,52026851.16254572
1018,13114-1326,25526590.587230735
1019,13114-1327,73387033.32720828
1020,13114-1328,54203945.175859615
1021,13114-1329,57725118.043045245
1022,13114-1332,8057866.54064009
1023,13114-1333,60521798.15051888
1024,13114-1334,42632662.9694785
1025,13114-1340,50846463.039997466
1026,13114-1341,65415364.42430329
1027,13114-1342,8686446.175246362
1028,13114-1343,4840547.979700789
1029,13114-1344,69261262.61984888
1030,13114-1345,61569466.22875772
1031,13114-1352,66464582.512375236
1032,13114-1353,16247684.816726577
1033,13114-1354,73993783.54394415
1034,13114-1355,65784378.569520794
1035,13114-1356,17573678.69691771
1036,13114-1362,38443578.78446111
1037,13114-1364,42289476.98000669
1038,13114-1365,72965144.51536119
1039,13114-1366,63755494.028472155
1040,13114-1367,8057866.54064009
1041,13114-1372,64104201.15126458
1042,13114-1373,8686446.175246362
1043,13114-1374,27693861.3743532
1044,13114-1375,63056533.07302575
1045,13114-1376,39459140.22032448
1046,13114-1377,61199922.04924698
1047,13114-1382,64062785.03505731
1048,13114-1383,16465890.569765143
1049,13114-1384,70399622.34132446
1050,13114-1389,38443578.78446111
1051,13114-1390,24880629.710735176
1052,13114-1391,42289476.98000669
1053,13114-1392,68493467.05342388
1054,13114-1393,64647568.8578783
1055,13114-1394,68493467.05342388
1056,13114-1399,34485754.439575315
1057,13114-1400,27335775.745264784
1058,13114-1401,23359319.80010827
1059,13114-1402,43856178.23908958
1060,13114-1403,25924841.974144995
1061,13114-1412,13476043.50844625
1062,13114-1413,62715654.4466962
1063,13114-1414,39723954.80596997
1064,13114-1415,34090280.197624214
1065,13114-1416,73928851.0239889
1066,13114-1417,23441459.322822392
1067,13114-1420,58450667.80751806
1068,13114-1421,80031161.6400606
1069,13114-1422,51028941.44933667
1070,13114-1423,29359480.22252089
1071,13114-1426,62480298.07075584
1072,13114-1427,27335775.745264784
1073,13114-1428,65415364.42430329
1074,13114-1431,64961235.30016992
1075,13114-1432,61072370.97858396
1076,13114-1433,12277607.60724809
1077,13114-1434,24608856.883591317
1078,13114-1435,22494760.41455012
1079,13114-1436,41076141.43919192
1080,13114-1437,30839786.89940247
1081,13114-1438,19436964.807854608
1082,13114-1439,25508760.209460348
1083,13114-1445,41972414.71110152
1084,13114-1446,12810046.797732722
1085,13114-1447,22074121.961084455
1086,13114-1448,36320961.41148133
1087,13114-1449,22083500.46738044
1088,13114-1450,25508760.209460348
1089,13114-1451,24608856.883591317
1090,13114-1452,24008469.147730075
1091,13114-1453,24608856.883591317
1092,13114-1457,12277607.60724809
1093,13114-1458,24057660.680514716
1094,13114-1459,15591066.612309031
1095,13114-1460,61579771.36987529
1096,13114-1461,10459043.942918055
1097,13114-1462,53729578.06176536
1098,13114-1463,13719328.629897736
1099,13114-1464,63637893.152620696
1100,13114-1467,24966942.512679733
1101,13114-1468,33611816.54772118
1102,13114-1475,40799410.3651207
1103,13114-1476,13361243.000809323
1104,13114-1481,38712073.64426477
1105,13114-1482,24608856.883591317
1106,13114-1483,40185616.61961888
1107,13114-1484,10459043.942918055
1108,13114-1485,58135754.61520341
1109,13114-1486,35560994.34151922
1110,13114-1490,10459043.942918055
1111,13114-1491,16070331.4847124
1112,13114-1492,43557702.04361753
1113,13114-1494,40534323.742411315
1114,13114-1495,37587884.15283931
1115,13114-1496,17667945.407646406
1116,13114-1497,41617959.135972545
1117,13114-1498,63870601.09589071
1118,13114-1499,37076853.70758855
1119,13114-1500,12277607.60724809
1120,13114-1501,43087588.35849421
1121,13114-1502,62104382.063897036
1122,13114-1505,64961235.30016992
1123,13114-1506,22074121.961084455
1124,13114-1507,24966942.512679733
1125,13114-1508,44380221.937956885
1126,13114-1509,23207301.618767515
1127,13114-1510,36872157.61455794
1128,13114-1511,15102423.23360968
1129,13114-1513,37578505.646543324
1130,13114-1514,24217183.634758513
1131,13114-1515,17667945.407646406
1132,13114-1516,68752708.8192528
1133,13114-1517,24823376.202813376
1134,13114-1518,40534323.742411315
1135,13114-1520,61657154.80140497
1136,13114-1521,64961235.30016992
1137,13114-1523,12277607.60724809
1138,13114-1527,54045121.53742149
1139,13114-1528,10459043.942918055
1140,13114-1529,22257854.028776653
1141,13114-1530,50523948.67023586
1142,13114-1531,47514956.25628662
1143,13114-1532,13361243.000809323
1144,13114-1533,67759465.41747665
1145,13114-1536,67941647.47533576
1146,13114-1537,59980907.08855985
1147,13114-1538,35461223.84343815
1148,13114-1539,11658406.478937801
1149,13114-1548,37675034.43070335
1150,13114-1549,2452957.7345237657
1151,13114-1550,37675034.43070335
1152,13114-1553,16042492.317304559
1153,13114-1554,37675034.43070335
1154,13114-1557,12461339.674940292
1155,13114-1558,45043218.87805246
1156,13114-1559,23892685.62541449
1157,13114-1564,59980907.08855985
1158,13114-1565,39088745.3467863
1159,13114-1569,12196594.121758983
1160,13114-1570,52289110.6974687
1161,13114-1571,3966610.0878466517
1162,13114-1572,28672904.45231839
1163,13114-1574,65406912.55282889
1164,13114-1575,18069826.8485201
1165,13114-1576,23892685.62541449
1166,13114-1578,23892685.62541449
1167,13114-1581,52289110.6974687
1168,13114-1582,34956567.44050428
1169,13114-1583,34231017.67603147
1170,13114-1584,34231017.67603147
1171,13114-1589,48443212.50192312
1172,13114-1590,34231017.67603147
1173,13114-1591,23892685.62541449
1174,13114-1593,34956623.82036136
1175,13114-1594,33505467.91155865
1176,13114-1595,23892685.62541449
1177,13114-1596,59317910.148464285
1178,13114-1597,12993778.86542492
1179,13114-1599,15559301.039461643
1180,13114-1600,34772835.372812085
1181,13114-1601,49763754.28125782
1182,13114-1602,31889393.327512793
1183,13114-1603,46242581.4140722
1184,13114-1604,34772835.372812085
1185,13114-1605,37114071.38129239
1186,13114-1606,34772835.372812085
1187,13114-1607,34772835.372812085
1188,13114-1608,24792588.951283522
1189,13114-1611,8833590.852576211
1190,13114-1612,23350867.928633872
1191,13114-1613,27859763.064275015
1192,13114-1615,24792588.951283522
1193,13114-1617,23350867.928633872
1194,13114-1618,12993778.86542492
1195,13114-1619,23699575.051426303
1196,13114-1620,24250771.254502904
1197,13114-1621,35881862.29690381
1198,13114-1624,37955793.008119166
1199,13114-1625,24250771.254502904
1200,13114-1628,19863055.362176713
1201,13114-1629,8833590.852576211
1202,13114-1630,16060952.978416413
1203,13114-1632,19863055.362176713
1204,13114-1633,23699575.051426303
1205,13114-1634,19863055.362176713
1206,13114-1635,37055889.682250135
1207,13114-1636,41371229.52400764
1208,13114-1637,17337698.945965834
1209,13114-1639,27196766.12417945
1210,13114-1640,40655058.26583081
1211,13114-1641,9362399.989101402
1212,13114-1642,91727755.80592962
1213,13114-1647,23699575.051426303
1214,13114-1649,40655058.26583081
1215,13114-1650,27196766.12417945
1216,13114-1653,38959437.955556795
1217,13114-1654,12810046.797732722
1218,13114-1655,35529172.38881476
1219,13114-1656,33079433.737093624
1220,13114-1657,33079433.737093624
1221,13114-1658,12635693.236336507
1222,13114-1659,55646365.51431493
1223,13114-1660,28507929.39721816
1224,13114-1661,12093875.539555889
1225,13114-1788,44880450.83569868
1226,13114-1789,53968795.11065264
1227,13114-1790,54079538.84291078
1228,13114-1791,42314928.66166195
1229,13114-1794,9724115.672149252
1230,13114-1795,48444213.12682688
1231,13114-1796,36311582.90518535
1232,13114-1799,33786226.48897447
1233,13114-1800,9724115.672149252
1234,13114-1801,10967274.019954275
1235,13114-1802,43243184.90729846
1236,13114-1803,35281121.82970538
1237,13114-1808,39127020.02525096
1238,13114-1809,24048282.174218733
1239,13114-1811,31304665.88454887
1240,13114-1812,-449241.3233674988
1241,13114-1813,46363533.33837122
1242,13114-1814,-449241.3233674988
1243,13114-1816,39127020.02525096
1244,13114-1817,13560635.361398842
1245,13114-1819,-449241.3233674988
1246,13114-1821,46375346.176429585
1247,13114-1823,24048282.174218733
1248,13114-1824,36311582.90518535
1249,13114-1826,61877683.87016446
1250,13114-1827,50103082.89775427
1251,13114-1828,49654605.276880756
1252,13114-1829,13560635.361398842
1253,13114-1830,49654605.276880756
1254,13114-1890,27464981.122184385
1255,13114-1891,18138353.1344554
1256,13114-1893,11645919.279383995
1257,13114-1896,19754427.718501262
1258,13114-1897,45688276.517737776
1259,13114-1899,47076595.90329023
1260,13114-1900,18138353.1344554
1261,13114-1901,44928082.12875974
1262,13114-1902,58811599.506418586
1263,13114-1908,28950554.336476386
1264,13114-1913,10539896.819271356
1265,13114-1915,62232660.80599505
1266,13114-1927,18496438.763543814
1267,13114-1928,18496438.763543814
1268,13114-1935,37060382.166439265
1269,13114-1936,18496438.763543814
1270,13114-1941,18138353.1344554
1271,13114-1942,52619878.51985089
1272,13114-1948,18322085.202147603
1273,13114-1949,18496438.763543814
1274,13114-1957,19773184.731093235
1275,13114-1958,29211613.455841184
1276,13114-1959,29211613.455841184
1277,13114-1964,19773184.731093235
1278,13114-1965,31516076.51051311
1279,13114-2018,27589269.058757156
1280,13114-2019,31435167.254302733
1281,13114-2024,24966942.512679733
1282,13114-2030,27317945.3674944
1283,13114-2031,40418151.88005734
1284,13114-2032,60539931.78809933
1285,13114-2033,28759666.390144046
1286,13114-2039,27317945.3674944
1287,13114-2041,15039870.40923243
1288,13114-2043,55593191.19623366
1289,13114-2044,45338820.7152278
1290,13114-2045,24966942.512679733
1291,13114-2048,24966942.512679733
1292,13114-2049,31942567.645594053
1293,13114-2050,16786502.74288923
1294,13114-2051,39634364.0366852
1295,13114-2052,40418151.88005734
1296,13114-2055,45338820.7152278
1297,13114-2056,57751083.47706014
1298,13114-2057,27532464.686716456
1299,13114-2060,27290162.57994363
1300,13114-2061,24250771.254502904
1301,13114-2062,34772835.372812085
1302,13114-2063,43190237.90823312
1303,13114-2066,41022967.12111066
1304,13114-2067,32886266.783248365
1305,13114-2068,6285847.369813919
1306,13114-2069,57751083.47706014
1307,13114-2070,23699575.051426303
1308,13114-2079,54078285.18455779
1309,13114-2080,56860558.657487094
1310,13114-2081,66490547.94639013
1311,13114-2082,23699575.051426303
1312,13114-2083,42773298.54119107
1313,13114-2084,56135008.893014275
1314,13114-2085,54822295.61014246
1315,13114-2092,56328119.46700246
1316,13114-2093,56860558.657487094
1317,13114-2096,24913768.19459847
1318,13114-2097,58668193.80568804
1319,13114-2098,23999034.261577018
1320,13114-2099,16970234.810581435
1321,13114-2100,69445921.32236266
1322,13114-2104,41022967.12111066
1323,13114-2105,27532464.686716456
1324,13114-2107,12993778.86542492
1325,13114-2108,64453834.9088786
1326,13114-2110,38712130.024121836
1327,13114-2113,34047285.60833927
1328,13114-2114,23515842.9837341
1329,13114-2115,64453834.9088786
1330,13114-2116,65904934.437824234
1331,13114-2117,74709331.42710948
1332,13114-2120,34047285.60833927
1333,13114-2121,9568519.12334501
1334,13114-2122,32089138.4194395
1335,13114-2123,34047285.60833927
1336,13114-2124,34047285.60833927
1337,13114-2126,34047285.60833927
1338,13114-2127,36588655.04878466
1339,13114-2128,34047285.60833927
1340,13114-2129,34047285.60833927
1341,13114-2130,68470456.61186096
1342,13114-2134,9568519.12334501
1343,13114-2135,75869099.89381894
1344,13114-2136,34047285.60833927
1345,13114-2137,34047285.60833927
1346,13114-2138,34047285.60833927
1347,13114-2139,34047285.60833927
1348,13114-2140,34047285.60833927
1349,13114-2141,19535756.984618157
1350,13114-2143,23671735.88401846
1351,13114-2144,23515842.9837341
1352,13114-2147,26081365.157770824
1353,13114-2149,65904934.437824234
1354,13114-2150,9568519.12334501
1355,13114-2151,88454462.55869451
1356,13114-2153,21106213.709981736
1357,13114-2154,23515842.9837341
1358,13114-2155,36616049.49629705
1359,13114-2158,35514398.16151941
1360,13114-2159,88812548.18778293
1361,13115-11,39013036.41672322
1362,13115-12,37929230.084003136
1363,13115-20,44139139.69461879
1364,13115-21,8732672.18416097
1365,13115-22,53573938.36540731
1366,13115-35,55959141.12483175
1367,13115-47,80896277.48935513
1368,13115-48,8767089.489650264
1369,13115-49,14736462.660533022
1370,13115-50,33336600.6977668
1371,13115-51,45913907.547163546
1372,13115-52,65512684.70717283
1373,13115-53,12752923.941102758
1374,13115-54,33327165.81161374
1375,13115-65,13291111.58392394
1376,13115-66,33955745.44622002
1377,13115-67,14287985.039659515
1378,13115-68,7315989.960704632
1379,13115-69,13291111.58392394
1380,13115-70,9265111.374645598
1381,13115-76,4921191.294104688
1382,13115-77,56077886.036384314
1383,13115-87,18008777.58645059
1384,13115-88,33719280.406153075
1385,13115-90,29674378.190056354
1386,13115-98,49714459.921090744
1387,13115-99,18027534.59904256
1388,13115-114,36447343.30352764
1389,13115-115,35926716.95110138
1390,13115-116,57362460.50039662
1391,13115-123,-540781.4854867496
1392,13115-124,41189742.089998744
1393,13115-133,23246977.952845242
1394,13115-134,47162517.99582501
1395,13115-135,35902122.87180352
1396,13115-144,15462012.425005838
1397,13115-145,11616114.229460262
1398,13115-146,15462012.425005838
1399,13115-147,8041539.725177448
1400,13115-148,11483595.956925668
1401,13115-149,8918073.782888945
1402,13115-150,8918073.782888945
1403,13115-164,34420179.71147096
1404,13115-165,8383965.06136854
1405,13115-171,58258733.772306204
1406,13115-174,66444353.60588925
1407,13115-176,45175576.541451246
1408,13115-183,10223937.470932446
1409,13115-184,47972256.64892488
1410,13115-185,26883979.869184054
1411,13115-186,56418761.362742305
1412,13115-187,25209107.927041627
1413,13115-190,35185951.613626696
1414,13115-191,35145785.85580085
1415,13115-195,10949487.235405263
1416,13115-196,71015801.56590764
1417,13115-202,8200232.993676338
1418,13115-203,11114462.290505491
1419,13115-206,33413927.7494394
1420,13115-207,11267407.106667835
1421,13115-208,72063469.64414647
1422,13115-213,10541857.34219502
1423,13115-215,20776995.59365867
1424,13115-216,20776995.59365867
1425,13115-228,27609529.63365687
1426,13115-229,5652489.510914054
1427,13115-230,8374586.555072553
1428,13115-231,28407010.72880292
1429,13115-232,73647506.61828105
1430,13115-237,23249949.260218635
1431,13115-238,16327498.445385579
1432,13115-242,74695174.69651988
1433,13115-243,19796553.999250766
1434,13115-244,39872773.98476641
1435,13115-245,52792562.550211325
1436,13115-246,43500579.186987564
1437,13115-247,97770563.86979336
1438,13115-249,77493404.81382662
1439,13115-250,18516177.977741912
1440,13115-252,13996082.288907781
1441,13115-253,42049479.65804193
1442,13115-254,29786178.92707532
1443,13115-255,29060629.1626025
1444,13115-257,33802800.63005767
1445,13115-258,10725589.409887217
1446,13115-261,30941745.651309785
1447,13115-262,16327498.445385579
1448,13115-263,20173396.64093115
1449,13115-264,31237278.45602095
1450,13115-265,31237278.45602095
1451,13115-269,45315285.478342235
1452,13115-271,39228590.43711989
1453,13115-273,30972532.902839642
1454,13115-274,41507217.241365865
1455,13115-275,23249949.260218635
1456,13115-276,30972532.902839642
1457,13115-291,27733422.3682745
1458,13115-292,23402510.847989008
1459,13115-300,41186707.12896487
1460,13115-301,20219609.592538998
1461,13115-302,20945159.357011814
1462,13115-303,20191826.804988228
1463,13115-304,28677121.505928807
1464,13115-305,15526982.389205653
1465,13115-309,15526982.389205653
1466,13115-318,25386049.56741927
1467,13115-319,25242483.25755291
1468,13115-327,25628019.71401079
1469,13115-328,21322001.9986922
1470,13115-329,68815810.28903025
1471,13115-332,28288248.625310533
1472,13115-333,43190025.900352605
1473,13115-334,10248741.677306414
1474,13115-335,25578989.202248596
1475,13115-341,63546948.083427005
1476,13115-342,21322001.9986922
1477,13115-343,14041465.554770727
1478,13115-344,33996335.35781256
1479,13115-350,21322001.9986922
1480,13115-351,20219609.592538998
1481,13115-362,20219609.592538998
1482,13115-363,26111599.331892084
1483,13115-364,14287750.446840178
1484,13115-371,15526982.389205653
1485,13115-372,41828068.00481064
1486,13115-382,16987460.424447272
1487,13115-729,39868018.074740574
1488,13115-730,30662569.330326546
1489,13115-731,34508467.52587212
1490,13115-835,17585487.400343023
1491,13115-836,17082069.79434832
1492,13115-839,25277283.791434176
1493,13115-841,28929683.072953183
1494,13115-843,16356463.650018435
1495,13115-844,17585487.400343023
1496,13115-845,17585487.400343023
1497,13115-990,65981912.50785279
1498,13115-991,29150990.65733281
1499,13115-992,26111210.991853707
1500,13115-993,12422590.60251033
1501,13115-994,17514503.893932536
1502,13115-995,56929408.579601094
1503,13115-996,46458142.383766726
1504,13115-1004,48625413.17088919
1505,13115-1005,56640877.88557947
1506,13115-1006,38592163.37043822
1507,13115-1007,46640324.441625826
1508,13115-1008,33930323.41863474
1509,13115-1009,36792413.098557234
1510,13115-1010,38592219.7502953
1511,13115-1011,35245173.12548996
1512,13115-1012,34441410.24374257
1513,13115-1018,54515852.90040918
1514,13115-1019,13596617.987856656
1515,13115-1020,19513258.186364673
1516,13115-1021,51988416.44007197
1517,13115-1022,39079382.15162572
1518,13115-1023,28167125.761852656
1519,13115-1029,66400174.565712005
1520,13115-1039,51988416.44007197
1521,13115-1040,67094937.07865497
1522,13115-1041,58361751.09595475
1523,13115-1042,9900034.554513983
1524,13115-1043,8632667.093260553
1525,13115-1044,29639634.036032163
1526,13115-1045,60310872.50989572
1527,13115-1046,16417507.208778698
1528,13115-1047,40551549.356277145
1529,13115-1048,51764518.61455392
1530,13115-1049,34668938.12322005
1531,13115-1050,57314083.017715916
1532,13115-1057,38501827.7585102
1533,13115-1058,11715501.499149371
1534,13115-1059,11715501.499149371
1535,13115-1061,54136930.21460246
1536,13115-1068,12456178.222254723
1537,13115-1069,24214822.55028748
1538,13115-1070,16994038.562528726
1539,13115-1071,13745932.75005956
1540,13115-1072,19696548.908350352
1541,13115-1073,49422894.266035244
1542,13115-1074,38894330.693087906
1543,13115-1075,13306537.284001924
1544,13115-1076,12967208.66750548
1545,13115-1077,16813106.863051057
1546,13115-1081,16750554.038673807
1547,13115-1082,17949916.574693553
1548,13115-1083,47479521.30443082
1549,13115-1084,53257863.94545173
1550,13115-1085,31364857.624455087
1551,13115-1086,62436727.180810906
1552,13115-1090,59456315.005645074
1553,13115-1091,42612244.18822116
1554,13115-1092,33715804.09941268
1555,13115-1093,52174228.5518905
1556,13115-1094,15561399.694694947
1557,13115-1095,15561399.694694947
1558,13115-1096,30692037.458168082
1559,13115-1097,56374582.32256505
1560,13115-1105,63075297.60657855
1561,13115-1106,29705816.91436885
1562,13115-1107,15850650.712804776
1563,13115-1108,59587929.760016836
1564,13115-1109,62773972.45320947
1565,13115-1119,37698894.56250772
1566,13115-1120,13148196.746840216
1567,13115-1121,29473917.909556367
1568,13115-1122,58503237.361694776
1569,13115-1123,36643041.95649725
1570,13115-1131,36745816.91855742
1571,13115-1132,16417507.208778698
1572,13115-1133,33759656.29105503
1573,13115-1134,9890656.048218
1574,13115-1135,29855131.676571753
1575,13115-1136,22402448.68400052
1576,13115-1137,63109102.62720246
1577,13115-1138,18071095.818008505
1578,13115-1140,61991049.928151935
1579,13115-1141,34441410.24374257
1580,13115-1250,31583006.997636583
1581,13115-1251,17345546.053535685
1582,13115-1252,34045365.86957476
1583,13115-1253,16243153.647382483
1584,13115-1256,15517603.882909667
1585,13115-1257,25856061.345847905
1586,13115-1263,32729195.21557506
1587,13115-1264,14430338.435389005
1588,13115-1265,21854441.18917683
1589,13115-1270,26223400.06891105
1590,13115-1271,25798743.221447572
1591,13115-1272,13499647.857990112
1592,13115-1273,25497850.304438233
1593,13115-1274,21854441.18917683
1594,13115-1275,54892695.54208956
1595,13115-1280,26877314.854190744
1596,13115-1281,25937245.77049587
1597,13115-1282,48504233.92757424
1598,13115-1285,39794006.69994101
1599,13115-1287,21854441.18917683
1600,13115-1288,34770915.634047575
1601,13115-1291,34770915.634047575
1602,13115-1296,37228484.52590429
1603,13115-1297,15894446.524590056
1604,13115-1298,56196030.31866539
1605,13115-1299,25937245.77049587
1606,13115-1301,21854441.18917683
1607,13115-1302,45765756.266430214
1608,13115-1303,16065170.032026835
1609,13115-1304,61089596.5924498
1610,13115-1306,21670709.12148463
1611,13115-1307,48913943.86491082
1612,13115-1308,42795976.255913354
1613,13115-1316,10071587.747695666
1614,13115-1317,32333150.841407254
1615,13115-1318,25937245.77049587
1616,13115-1319,67453022.70774338
1617,13115-1324,52806174.063027605
1618,13115-1327,12355275.506749358
1619,13115-1328,23176410.495170873
1620,13115-1335,62673069.737704106
1621,13115-1340,33901408.41365968
1622,13115-1341,14725035.37415599
1623,13115-1346,52209632.03833262
1624,13115-1616,47892266.20280127
1625,13115-1618,53018540.4198557
1626,13115-1625,33801874.808308624
1627,13115-1626,9618584.748168454
1628,13115-1627,15796728.78593672
1629,13115-1631,20384189.77018962
1630,13115-1632,17238449.808586366
1631,13115-1633,15796728.78593672
1632,13115-1634,11689326.751130896
1633,13115-1638,9976670.377256867
1634,13115-1639,25786353.713761274
1635,13115-1643,18863902.898928218
1636,13115-1644,51947730.39247526
1637,13115-1645,21224284.260038868
1638,13115-1649,14809675.18220365
1639,13115-1650,33107055.91550859
1640,13115-1651,8846438.803695824
1641,13115-1652,21221095.551785953
1642,13115-1662,14516352.76442787
1643,13115-1663,18863902.898928218
1644,13115-1664,13972713.02075025
1645,13115-1666,33801874.808308624
1646,13115-1667,15796728.78593672
1647,13115-1668,30357858.053636737
1648,13115-1669,24505977.69225242
1649,13115-1671,22307919.653600097
1650,13115-1675,18863902.898928218
1651,13115-1676,16522278.55040954
1652,13115-1684,11950830.590391144
1653,13115-1685,12692336.9992414
1654,13115-1686,59487605.006769575
1655,13115-1687,55460137.03823028
1656,13115-1688,16512900.04411355
1657,13115-1689,30604086.565849114
1658,13115-1696,60709926.29785629
1659,13115-1697,23584665.621149518
1660,13115-1704,59140447.89381024
1661,13115-1705,59984376.53338348
1662,13115-1706,20498734.49556605
1663,13115-1707,47182944.53945276
1664,13115-1708,56776436.47874016
1665,13115-1709,23584665.621149518
1666,13115-1717,29815983.97699905
1667,13115-1718,8120889.039223004
1668,13115-1719,22307919.653600097
1669,13115-1721,21940455.518215697
1670,13115-1722,25730379.027465478
1671,13115-1723,54100215.29049328
1672,13115-1733,20498734.49556605
1673,13115-1734,2435018.434113525
1674,13115-1735,33076268.663978733
1675,13115-1736,5000540.6081502475
1676,13115-1737,23064256.669602774
1677,13115-1738,11950830.590391144
1678,13115-1739,13648215.011406228
1679,13115-1740,15812685.430314157
1680,13115-1746,15762311.48044743
1681,13115-1747,8699924.40970745
1682,13115-1749,12953452.498463273
1683,13115-1750,6523275.116289001
1684,13115-1751,33711426.43666646
1685,13115-1755,55231996.87388742
1686,13115-1756,16397469.253135156
1687,13115-1757,17020300.435404874
1688,13115-1758,4181650.76777032
1689,13115-1759,9908665.452023182
1690,13115-1760,22859115.856676698
1691,13115-1761,34911868.39190877
1692,13115-1762,55669842.33011196
1693,13115-1765,36429722.48770666
1694,13115-1766,10151023.938653082
1695,13115-1770,51352738.37761338
1696,13115-1771,13087640.30203364
1697,13115-1772,9908665.452023182
1698,13115-1773,14233828.519972123
1699,13115-1775,19947538.29248945
1700,13115-1776,16880364.179497954
1701,13115-1777,71524871.48823476
1702,13115-1778,55669842.33011196
1703,13115-1779,23033469.418072917
1704,13115-1780,13277120.822062396
1705,13115-1786,12716546.112689808
1706,13115-1787,23977168.555727225
1707,13115-1788,15752932.974151444
1708,13115-1793,9241742.106488064
1709,13115-1794,38112150.889248066
1710,13115-1799,34234487.1208551
1711,13115-1800,26705014.052222274
1712,13115-1801,24505977.69225242
1713,13115-1802,62198243.50050575
1714,13115-1803,32394571.091148265
1715,13115-1805,10387930.324426547
1716,13115-1806,16880364.179497954
1717,13115-1807,23431720.804987174
1718,13115-1810,14915582.472659662
1719,13115-1811,19947538.29248945
1720,13115-1812,23033469.418072917
1721,13115-1813,14915582.472659662
1722,13115-1814,10151023.938653082
1723,13115-1815,19947538.29248945
1724,13115-1816,22859115.856676698
1725,13115-1817,23431720.804987174
1726,13115-1818,23086255.396115802
1727,13115-1819,18873281.405224204
1728,13115-1820,31068577.210957132
1729,13115-1825,13087640.30203364
1730,13115-1826,16880364.179497954
1731,13115-1827,21591748.395423267
1732,13115-1828,18873281.405224204
1733,13115-1829,35760759.69439502
1734,13115-1830,14915582.472659662
1735,13115-1831,11253416.344806284
1736,13115-1878,54875469.92822373
1737,13115-1879,47909223.30160539
1738,13115-1880,18272019.57732416
1739,13115-1885,34381218.50383635
1740,13115-1886,49427077.39740328
1741,13115-1887,58179550.42698869
1742,13115-1989,20045256.031142782
1743,13115-1990,15333871.815217469
1744,13115-1993,31442626.021834206
1745,13115-1995,16601239.2764709
1746,13115-1996,18441211.686034806
1747,13115-2001,20617860.979453254
1748,13115-2006,76871440.76154637
1749,13115-2007,49950153.39272734
1750,13115-2008,20045256.031142782
1751,13115-2011,41210688.923397355
1752,13115-2012,18236070.873108733
1753,13115-2013,28138933.863107625
1754,13115-2016,19179770.010763045
1755,13115-2022,16601239.2764709
1756,13115-2023,15333871.815217469
1757,13115-2024,31442626.021834206
1758,13115-2025,16601239.2764709
1759,13115-2387,38052217.9202124
1760,13115-2388,2733114.714309208
1761,13115-2389,65260978.978292234
1762,13115-2391,58234786.54189058
1763,13115-2395,9079330.526872355
1764,13115-2400,9079330.526872355
1765,13115-2401,9079330.526872355
1766,13115-2463,37737700.78389334
1767,13115-2473,24724868.49402143
1768,13115-2474,43339609.8193917
1769,13115-2485,39340766.80768378
1770,13115-2486,43186665.00322936
1771,13115-2806,52825429.845867515
1772,13115-2816,55002079.13928597
1773,13115-2860,32978458.68882131
1774,13115-2869,25903063.057825916
1775,13115-2870,54312724.00915147
1776,13115-2871,19491642.688243616
1777,13115-2876,74990707.50123104
1778,13115-2877,72984781.71524939
1779,13115-2878,65525693.26742825
1780,13115-2879,71144809.30568548
1781,13115-2882,73539607.97228542
1782,13115-2883,20217192.452716433
1783,13115-2884,40337264.62987443
1784,13115-2885,66660952.96923764
1785,13115-2886,46423959.67109678
1786,13115-2893,61285742.127471864
1787,13115-2894,5646741.058577504
1788,13115-2898,66573361.34566709
1789,13115-2899,19491642.688243616
1790,13115-2900,74990707.50123104
1791,13115-2901,2750290.4530227855
1792,13115-2902,73539607.97228542
1793,13115-2903,66573361.34566709
1794,13115-2905,77556229.67526779
1795,13115-2906,62405344.83635549
1796,13115-2907,46423959.67109678
1797,13115-2917,77385506.167831
1798,13115-2918,19491642.688243616
1799,13115-2919,71870359.0701583
1800,13115-2920,55763823.538097106
1801,13115-2921,67298911.1101399
1802,13115-2922,43375542.570697255
1803,13115-2923,71144809.30568548
1804,13115-2931,65847811.58119427
1805,13115-2932,59529731.28751908
1806,13115-2933,44917034.091427974
1807,13115-2934,46509126.88104136
1808,13115-2935,71870359.0701583
1809,13115-2936,74990707.50123104
1810,13115-2937,43375542.570697255
1811,13115-2938,41351838.09344114
1812,13115-2939,41233093.18188857
1813,13115-2943,7863556.109821793
1814,13115-2944,45197736.28898672
1815,13115-2946,43917360.26747787
1816,13115-2947,55396132.08369678
1817,13115-2948,60255281.051991895
1818,13115-2949,2750290.4530227855
1819,13115-2950,43917360.26747787
1820,13115-2951,19800480.404690314
1821,13115-2952,40396187.40029225
1822,13115-2953,84162568.62590069
1823,13115-2960,55396132.08369678
1824,13115-2961,5481766.003477275
1825,13115-2962,31919918.47431046
1826,13115-2963,71870359.0701583
1827,13115-2964,19815311.011842735
1828,13115-2965,66573361.34566709
1829,13115-2966,66173859.60037139
1830,13115-2975,61534678.752183214
1831,13115-2976,10099426.915103506
1832,13115-2977,9544657.03792454
1833,13115-2980,10099426.915103506
1834,13115-2985,31818099.19614834
1835,13115-2986,20685030.03874277
1836,13115-2987,8335023.749807566
1837,13115-2988,22905086.803908117
1838,13115-2989,26321481.79205168
1839,13115-2996,53127269.33742812
1840,13115-2997,9060573.514280383
1841,13115-2998,7811963.065618921
1842,13115-2999,54808469.79504984
1843,13115-3009,34820012.37226361
1844,13115-3010,13551007.988809671
1845,13115-3011,21323874.245247
1846,13115-3018,46241808.87728296
1847,13115-3020,7139587.619227372
1848,13115-3021,12554134.533074096
1849,13115-3022,8017103.878544994
1850,13115-3033,64447837.59024886
1851,13115-3034,38201532.682415314
1852,13115-3035,23954693.232018434
1853,13115-3036,26340113.39232239
1854,13115-3047,18954410.72932048
1855,13115-3050,21579537.643612437
1856,13115-3051,30892929.75207007
1857,13115-3052,13834510.554582946
1858,13115-3053,23954693.232018434
1859,13115-3058,45829295.2717603
1860,13115-3059,9297479.900053848
1861,13115-3060,28327407.578033347
1862,13115-3067,58111000.283981696
1863,13115-3068,4377324.817243028
1864,13115-3069,7971486.019862719
1865,13115-3070,41087123.80430512
1866,13115-3071,24530928.234288346
1867,13115-3072,60492790.39032622
1868,13115-3077,45802937.081721365
1869,13115-3078,9060573.514280383
1870,13115-3079,33683202.660621114
1871,13115-3080,18459132.832682602
1872,13115-3081,17114438.31975657
1873,13115-3082,33935380.99925352
1874,13115-3088,53759251.7069779
1875,13115-3091,5451581.704508271
1876,13115-3092,13834510.554582946
1877,13115-3093,49390292.82724368
1878,13115-3094,11988164.102702145
1879,13115-3099,7833371.810852792
1880,13115-3100,20809964.74833841
1881,13115-3101,49390292.82724368
1882,13115-3106,32415891.57922475
1883,13115-3107,26891309.595398992
1884,13115-3108,21052494.17412717
1885,13115-3109,42582019.145036034
1886,13115-3114,39686604.79695479
1887,13115-3115,26891309.595398992
1888,13115-3116,26891309.595398992
1889,13115-3117,33622855.292691454
1890,13115-3118,51993032.67498423
1891,13115-3124,18383571.448049933
1892,13115-3125,50053289.767339244
1893,13115-3126,38033700.87924348
1894,13115-3128,21226847.735523384
1895,13115-3130,16166756.39680564
1896,13115-3131,41616969.19830379
1897,13115-3132,28015110.74678607
1898,13115-3133,32415891.57922475
1899,13115-3134,8210214.452533182
1900,13115-3135,9490590.474042036
1901,13115-3143,37385590.92615741
1902,13115-3144,56921016.25425793
1903,13115-3145,15500129.402750637
1904,13115-3146,15500129.402750637
1905,13115-3151,16225679.167223454
1906,13115-3153,14008864.115979161
1907,13115-3154,19417662.57748934
1908,13115-3155,12934607.228713915
1909,13115-3156,15818049.27401321
1910,13115-3163,52229939.0607577
1911,13115-3164,27844387.239349287
1912,13115-3165,15500129.402750637
1913,13115-3166,22784352.280488618
1914,13115-3173,30278963.323736697
1915,13115-3174,55838930.8705298
1916,13115-3175,16166756.39680564
1917,13115-3176,55471466.735145405
1918,13115-3177,4019239.1881546117
1919,13115-3181,4019239.1881546117
1920,13115-3182,29880711.936822437
1921,13115-3183,55471466.735145405
1922,13115-3184,31883452.388740122
1923,13115-3185,27342735.30039452
1924,13115-3188,59486538.42829466
1925,13115-3189,24898392.369672745
1926,13115-3190,15500129.402750637
1927,13115-3191,24898392.369672745
1928,13115-3196,20626403.619805068
1929,13115-3197,24777213.126357794
1930,13115-3198,27844387.239349287
1931,13115-3199,27844387.239349287
1932,13115-3209,4019239.1881546117
1933,13115-3210,16166756.39680564
1934,13115-3211,4019239.1881546117
1935,13115-3212,5644692.278496459
1936,13115-3213,12934607.228713915
1937,13115-3214,11916176.392171834
1938,13115-3637,-4168530.307850834
1939,13115-3745,43076905.77248803
1940,13115-3746,39494272.15275484
1941,13115-3747,65028834.863902494
1942,13115-3748,14994543.198721021
1943,13115-3749,37954034.2903771
1944,13115-3750,18410424.43450495
1945,13115-3751,7172189.058018934
1946,13115-3753,12082965.63453377
1947,13115-3754,58721386.73487627
1948,13115-3760,18410424.43450495
1949,13115-3761,20975946.60854167
1950,13115-3762,47900475.69128176
1951,13115-3763,9127888.610041358
1952,13115-3764,19662572.94856758
1953,13115-3770,7172189.058018934
1954,13115-3778,62463312.68986577
1955,13115-3781,11970776.557476427
1956,13115-3782,16645035.08825618
1957,13115-3790,5363003.899984889
1958,13115-3791,14250236.421656236
1959,13115-3794,39230951.19708538
1960,13115-3795,11970776.557476427
1961,13115-3796,48728131.75309228
1962,13115-3800,13197388.27962486
1963,13115-3801,10631866.105588138
1964,13115-3802,47786512.65956431
1965,13115-3803,39231007.57694245
1966,13115-3810,17370584.852728996
1967,13115-3811,6814103.428930521
1968,13115-3813,10631866.105588138
1969,13115-3814,3578857.5411441475
1970,13115-3825,46738844.58132547
1971,13115-3826,10631866.105588138
1972,13115-3827,49984298.66115273
1973,13115-3832,7618852.491630737
1974,13115-3837,43938800.276757024
1975,13115-3841,14585099.118249074
1976,13115-3844,55553878.294923425
1977,13115-3845,46737030.39406376
1978,13115-3849,43938800.276757024
1979,13115-3850,55696458.423836954
1980,13115-3851,71210608.9556302
1981,13115-3854,57899696.52628181
1982,13115-3855,34693749.60339742
1983,13115-3856,43433214.07272741
1984,13115-3859,74330957.38670295
1985,13115-3860,62793262.800066225
1986,13115-3950,55498881.929945156
1987,13115-3952,55400147.68933755
1988,13115-3953,55286184.6576201
1989,13115-3958,55286184.6576201
1990,13115-3959,55286184.6576201
1991,13115-3960,29371149.250832632
1992,13115-3964,56292436.61965166
1993,13115-3968,55286184.6576201
1994,13115-4013,42005073.29884875
1995,13115-4014,36740068.46622087
1996,13115-4015,23381009.847039573
1997,13115-4019,23099862.929585375
1998,13115-4020,44325288.90213356
1999,13115-4024,29402500.331242766
2000,13115-4025,36590753.70401796
2001,13115-4027,50229091.47954501
2002,13115-4028,14898402.754599378
2003,13115-4029,29231776.823805988
2004,13115-4037,-151313.51194291562
2005,13115-4038,382111.85949454084
2006,13115-4039,8549543.069029626
2007,13115-4040,40490585.0795817
2008,13115-4041,56466790.18104788
2009,13115-4042,28657357.688233804
2010,13115-4043,26403552.282301612
2011,13115-4044,-527169.9726704732
2012,13115-4049,16129367.78394295
2013,13115-4051,58861588.847647816
2014,13115-4055,16418934.735438049
2015,13115-4056,18984456.909474775
2016,13115-4058,56466790.18104788
2017,13115-4059,5984020.894992903
2018,13115-4060,61427111.02168454
2019,13115-4063,7749955.459014978
2020,13115-4065,46538114.21878336
2021,13115-4070,7749955.459014978
2022,13115-4072,42321065.45403688
2023,13115-4079,13046953.183506183
2024,13115-4080,26050577.906240966
2025,13115-4081,24599478.377295334
2026,13115-4082,26050577.906240966
2027,13115-4084,10817129.572006468
2028,13115-4085,22267232.53507264
2029,13115-4086,25876224.34484475
2030,13115-4087,57539512.24196009
2031,13115-4090,26050577.906240966
2032,13115-4091,26050577.906240966
2033,13115-4092,26050577.906240966
2034,13115-4096,8363704.486468829
2035,13115-4097,26050577.906240966
2036,13115-4098,14833751.274988826
2037,13115-4099,40481149.42433004
2038,13115-4102,30423519.571271807
2039,13115-4104,26776127.670713786
2040,13115-4107,25325028.14176815
2041,13115-4108,25325028.14176815
2042,13115-4111,67078323.7496545
2043,13115-4112,62104382.063897036
2044,13115-4113,18421334.339527067
2045,13115-4114,57419583.35702658
2046,13115-4116,55426666.13130033
2047,13115-4117,24599478.377295334
2048,13115-4123,70843846.53322703
2049,13115-4124,10817129.572006468
2050,13202-5,19119210.589943323
2051,13202-6,-3332221.3638353944
2052,13202-7,45445335.00474161
2053,13202-8,59222231.70917404
2054,13202-11,19119210.589943323
2055,13202-13,19844760.35441614
2056,13202-14,48006655.43630333
2057,13202-15,19119210.589943323
2058,13202-23,35549277.4718401
2059,13202-25,55008869.37824406
2060,13202-27,33549554.789016474
2061,13202-32,15012196.895175874
2062,13202-33,7320400.504084725
2063,13202-34,7320400.504084725
2064,13202-35,39960975.15859877
2065,13202-37,39960975.15859877
2066,13202-38,7320400.504084725
2067,13202-39,51530435.318082884
2068,13202-41,6594850.739611909
2069,13202-42,40232081.448982
2070,13202-43,32625669.668714963
2071,13202-44,44886307.00523057
2072,13202-46,59797637.02569905
2073,13202-47,37395452.984562054
2074,13202-48,21446004.33130958
2075,13202-49,-6679211.608783655
2076,13202-50,43923850.85498429
2077,13202-51,37395452.984562054
2078,13202-52,44196724.55608015
2079,13202-53,44649400.6194571
2080,13202-54,28001047.390615307
2081,13202-59,32509715.20724052
2082,13202-63,68537101.49502903
2083,13202-64,56999406.90839231
2084,13202-65,59797637.02569905
2085,13202-68,73175304.0218997
2086,13202-69,48259942.43906232
2087,13202-72,45575675.35347303
2088,13202-74,59797637.02569905
2089,13202-75,56999406.90839231
2090,13202-76,60845305.10393788
2091,13202-77,60122362.354058996
2092,13202-79,64691203.29948346
2093,13202-80,58953342.34967366
2094,13202-82,56999406.90839231
2095,13202-83,56999406.90839231
2096,13202-84,60845305.10393788
2097,13202-85,56999406.90839231
2098,13202-86,52105840.634607896
2099,13202-88,7320400.504084725
2100,13202-94,46860467.21836485
2101,13202-97,56999406.90839231
2102,13202-98,56999406.90839231
2103,13202-103,51485089.496464506
2104,13202-104,-2606671.5993625782
2105,13202-105,37583383.4947577
2106,13202-106,-4612597.385344248
2107,13202-467,17307054.12453588
2108,13202-475,39604969.57363669
2109,13202-480,11943301.83319242
2110,13202-526,49986564.101774156
2111,13202-529,30332848.51294255
2112,13202-531,39223395.15518807
2113,13202-536,47421041.92773744
2114,13202-546,39344574.39850302
2115,13202-551,49762666.276256114
2116,13202-704,11645563.572033666
2117,13202-705,-1541793.2183933184
2118,13202-708,-12633810.55237107
2119,13202-709,39934386.34957236
2120,13202-713,-10068288.378334343
2121,13202-714,29626273.161941223
2122,13202-715,34349687.61680443
2123,13202-719,21286922.722772308
2124,13202-724,43435207.476284936
2125,13202-725,36499748.10119647
2126,13202-729,-13819868.176655285
2127,13202-730,18640831.78314193
2128,13202-737,-9137007.819656305
2129,13202-738,46000729.65032166
2130,13202-739,30024524.548855484
2131,13202-761,46991024.96797579
2132,13202-762,9671403.358899388
2133,13202-763,44833132.68714931
2134,13202-767,-5920130.60442353
2135,13202-768,37390272.92076951
2136,13202-769,46991024.96797579
2137,13202-770,46991024.96797579
2138,13202-771,17948869.638413504
2139,13202-772,17948869.638413504
2140,13202-773,9671403.358899388
2141,13202-778,31081571.133390304
2142,13202-780,37577635.04242115
2143,13202-781,41046690.596286334
2144,13202-782,48679030.882694885
2145,13202-783,42149083.002439536
2146,13202-789,50836923.163521364
2147,13202-790,1491404.9348154068
2148,13202-791,6741194.194441423
2149,13202-792,27003946.615863804
2150,13202-794,49789255.08528253
2151,13202-795,40779293.31046312
2152,13202-796,-6234420.421726666
2153,13202-797,24731156.878323708
2154,13202-800,-9712854.48188784
2155,13202-801,14915226.76530933
2156,13202-802,39979732.17119074
2157,13202-803,13377365.29853804
2158,13202-804,42334365.07996484
2159,13202-805,44833132.68714931
2160,13202-812,55086252.809773736
2161,13202-813,-6200391.456275746
2162,13202-814,36982643.027559265
2163,13202-815,-7620703.733691521
2164,13202-816,31807120.897863124
2165,13202-817,31941308.701433495
2166,13202-818,37409029.933361486
2167,13202-822,37577635.04242115
2168,13202-823,30849844.81140938
2169,13202-824,-10046289.651821323
2170,13202-825,14915226.76530933
2171,13202-826,34133618.28774927
2172,13202-827,43059914.84443765
2173,13202-828,3220021.3272557966
2174,13202-830,43344815.48449985
2175,13202-835,34506830.87547022
2176,13202-836,-7762903.382201962
2177,13202-841,-14084910.081316702
2178,13202-842,37708192.79203208
2179,13202-843,14189677.000836514
2180,13202-852,27957024.259814095
2181,13202-853,28900723.397468407
2182,13202-854,31928300.14117807
2183,13202-858,-12334351.342220359
2184,13202-860,15065200.274098279
2185,13202-861,37780124.12270532
2186,13202-862,-5920130.60442353
2187,13202-863,42149083.002439536
2188,13202-864,-10080318.617272235
2189,13202-865,48842755.57941368
2190,13202-965,-5661815.473416187
2191,13202-1028,42363602.3216616
2192,13202-1031,27765015.40863471
2193,13202-1032,-13121567.865468442
2194,13202-1033,-12398625.11558956
2195,13202-1034,-7034872.824246094
2196,13202-1035,-10556045.691431716
2197,13202-1036,27765015.40863471
2198,13202-1038,-3407124.0018820167
2199,13202-1040,36737187.82123471
2200,13202-1043,-9600394.99828282
2201,13202-1044,-10775081.13021519
2202,13202-1046,21626468.74014827
2203,13202-1047,-9600394.99828282
2204,13202-1056,-12284662.083872117
2205,13202-1057,25794485.24945987
2206,13202-1064,-13340603.304251917
2207,13202-1065,-9600394.99828282
2208,13202-1072,-12398625.11558956
2209,13202-1073,26824946.32493984
2210,13202-1076,-9496426.057698295
2211,13202-1077,-12284662.083872117
2212,13202-1080,31058615.678294886
2213,13202-1081,-12284662.083872117
2214,13202-1082,22927720.172626212
2215,13202-1086,34753649.10180445
2216,13202-1087,30907750.906258877
2217,13202-1088,-12398625.11558956
2218,13202-1163,33909505.232361406
2219,13202-1165,34491488.68696787
2220,13202-1174,24710849.855898637
2221,13202-1175,27276372.02993536
2222,13202-1177,30580452.528700322
2223,13202-1179,28014930.3546636
2224,13203-2,55088179.49513066
2225,13203-3,54766061.18136464
2226,13203-11,59703423.26693433
2227,13203-12,49791181.77063945
2228,13203-14,30048838.300763816
2229,13203-16,-5374836.212452877
2230,13203-21,65067175.55827779
2231,13203-26,30048838.300763816
2232,13203-27,56031878.63278497
2233,13203-28,41102318.57019213
2234,13203-33,23215756.43835035
2235,13203-34,38371594.022039235
2236,13203-35,53637079.966185026
2237,13203-40,39419262.10027808
2238,13203-41,35938451.644510455
2239,13203-46,26601191.492132496
2240,13203-55,46951535.53712544
2241,13203-57,44189343.81384499
2242,13203-79,10994384.24800143
2243,13203-83,11608577.99535073
2244,13203-84,28283747.352234878
2245,13203-89,58706549.811198756
2246,13203-95,68574995.49570836
2247,13203-108,57981000.046725936
2248,13203-109,61826898.24227152
2249,13203-114,52854725.82967152
2250,13203-115,61826898.24227152
2251,13203-116,55652955.946978256
2252,13203-122,57981000.046725936
2253,13203-126,6249620.31200951
2254,13203-144,45012512.95356865
2255,13203-145,17719309.973412547
2256,13203-146,25328966.841789577
2257,13203-147,44871026.68782863
2258,13203-148,50535488.547704235
2259,13203-149,10512526.907061312
2260,13203-150,255208.34193344042
2261,13203-153,21866545.80586291
2262,13203-154,10434847.124051526
2263,13203-157,10434847.124051526
2264,13203-158,61121655.50022377
2265,13203-160,13000369.298088253
2266,13203-164,19499529.926813737
2267,13203-165,37433129.58436185
2268,13203-166,43654753.50053013
2269,13203-173,10434847.124051526
2270,13203-174,44871026.68782863
2271,13203-175,25372762.653574858
2272,13203-179,10434847.124051526
2273,13203-185,61121655.50022377
2274,13203-187,10434847.124051526
2275,13203-188,45598126.462134555
2276,13203-189,10434847.124051526
2277,13203-192,1015175.4118955471
2278,13203-193,57275757.304678194
2279,13203-194,55855445.02726243
2280,13203-195,44871026.68782863
2281,13203-200,10593540.39255042
2282,13203-201,42650581.582624905
2283,13203-202,10434847.124051526
2284,13203-203,52562823.07891978
2285,13203-204,38912582.03307496
2286,13203-206,1015175.4118955471
2287,13203-224,31887708.98751892
2288,13203-225,28363929.105739366
2289,13203-232,33727681.39708283
2290,13203-237,62727097.91962066
2291,13203-241,29586181.36436191
2292,13203-242,53429859.109132625
2293,13203-243,26491168.08396257
2294,13203-244,84047729.91129433
2295,13203-245,31887708.98751892
2296,13203-251,39884416.68961723
2297,13203-261,23200096.14545303
2298,13203-262,57240619.6751007
2299,13203-263,59048975.14738985
2300,13203-264,30722934.69614733
2301,13203-267,32831408.125173233
2302,13203-271,20259496.996775847
2303,13203-274,25139611.73408208
2304,13203-276,19945207.179472707
2305,13203-277,47939750.81065323
2306,13203-278,46358093.53209666
2307,13203-293,33312000.252144434
2308,13203-294,54381463.639436215
2309,13203-298,5055511.435997143
2310,13203-305,57697723.0127117
2311,13203-306,49979337.81259413
2312,13203-313,25118334.52121899
2313,13203-314,59190238.6578646
2314,13203-315,34204071.781579025
2315,13203-316,11155883.702197362
2316,13203-321,19270140.593651175
2317,13203-327,51311909.83086672
2318,13203-330,3386262.5338700153
2319,13203-331,57838716.273379445
2320,13203-338,26037212.260559514
2321,13203-339,26197985.57318474
2322,13203-340,42907572.235558175
2323,13203-344,5055511.435997143
2324,13203-350,32904938.747478202
2325,13203-351,3386262.5338700153
2326,13203-352,35009384.67315952
2327,13203-356,52776017.92006777
2328,13203-357,50534735.75814574
2329,13203-359,40615492.15116133
2330,13203-360,35146443.664665505
2331,13203-361,59388303.763886295
2332,13203-362,54493187.480268784
2333,13203-365,40106764.50530217
2334,13203-366,59388303.763886295
2335,13203-368,24367693.108625382
2336,13203-370,39751285.89080769
2337,13203-371,30114934.12103003
2338,13203-372,21651799.16762492
2339,13203-376,44881955.20395772
2340,13203-377,51138608.710480675
2341,13203-378,59388303.763886295
2342,13203-383,62605693.4035295
2343,13203-386,46081684.822333045
2344,13203-396,52030688.10363748
2345,13203-397,41109315.59365322
2346,13203-404,13656589.659253314
2347,13203-405,33093850.87896294
2348,13203-409,6139146.829558376
2349,13203-417,55475727.89767487
2350,13203-419,22876869.01081977
2351,13203-424,58910366.146050766
2352,13203-427,35270500.17238139
2353,13203-428,20753450.415339656
2354,13203-429,62756264.34159634
2355,13203-431,49489147.72403324
2356,13203-432,28217662.547096256
2357,13203-434,56515567.47945082
2358,13203-437,59190238.6578646
2359,13203-443,49489147.72403324
2360,13203-446,52765679.241559535
2361,13203-453,52775057.74785552
2362,13203-454,52775057.74785552
2363,13203-458,57118977.82839643
2364,13203-460,22477062.539926305
2365,13203-463,56620955.94340109
2366,13203-469,49976241.09289949
2367,13203-470,60246568.218282774
2368,13203-474,52554771.827191636
2369,13203-476,47257774.10270043
2370,13203-495,26009900.609933954
2371,13203-496,42979349.11317627
2372,13203-497,4445238.009447593
2373,13203-498,6877550.70123148
2374,13203-505,43399691.21516183
2375,13203-506,14978056.404755449
2376,13203-517,71205221.61695257
2377,13203-521,1371491.5758571476
2378,13203-527,4790469.531335726
2379,13203-532,8636367.7268813
2380,13203-534,25041168.49056884
2381,13203-535,4064919.7668629102
2382,13203-544,95036.14230534434
2383,13203-546,57230482.56176372
2384,13203-547,8313876.002881762
2385,13203-548,57230482.56176372
2386,13203-551,67294690.55290341
2387,13203-552,49075081.591166526
2388,13203-553,3882307.9189132154
2389,13203-554,28089750.71264472
2390,13203-555,30170315.941798598
2391,13203-556,76520976.35403574
2392,13203-557,72675078.15849017
2393,13203-558,62849598.600020945
2394,13203-562,72614075.34394602
2395,13203-564,73400627.922963
2396,13203-565,57956032.32623654
2397,13203-566,6447830.092949938
2398,13203-569,14597311.672051724
2399,13203-570,10601881.313423727
2400,13203-572,32661255.052520182
2401,13203-576,77507641.61773044
2402,13203-577,54574568.395941906
2403,13203-578,84877319.69505557
2404,13203-582,57837287.41468397
2405,13203-583,72614075.34394602
2406,13203-584,57956032.32623654
2407,13203-585,4329807.218469191
2408,13203-586,25162512.855560146
2409,13203-587,14597311.672051724
2410,13203-589,57230482.56176372
2411,13203-590,46157222.24037793
2412,13203-591,11076138.804866102
2413,13203-592,11076138.804866102
2414,13203-593,3557809.9095691964
2415,13203-595,3557809.9095691964
2416,13203-596,6506456.5118876435
2417,13203-597,55295767.78236708
2418,13203-598,60140510.116117865
2419,13203-599,73661743.42218485
2420,13203-602,44677987.19254435
2421,13203-603,49676651.744109854
2422,13203-604,77507641.61773044
2423,13203-605,-5734400.7726704925
2424,13203-606,6755983.11787815
2425,13203-608,1044483.7322962023
2426,13203-609,49057871.2884361
2427,13203-610,48497296.57906351
2428,13203-611,82079089.57774884
2429,13203-613,36319734.74655705
2430,13203-614,50740700.439334214
2431,13203-615,21597373.237430386
2432,13203-620,36637483.678660765
2433,13203-621,39203005.85269749
2434,13203-622,74387293.18665767
2435,13203-623,60176477.431440264
2436,13203-624,2660558.316342067
2437,13203-625,57230482.56176372
2438,13203-626,56679286.35868712
2439,13203-627,48010203.21019726
2440,13203-633,32854309.2466513
2441,13203-634,1378360.2479362078
2442,13203-635,57230482.56176372
2443,13203-636,29999933.5038899
2444,13203-637,65647828.717327684
2445,13203-641,49679452.11232439
2446,13203-642,7733269.875276852
2447,13203-646,52464374.01792404
2448,13203-647,57035821.97794244
2449,13203-648,61674024.504813075
2450,13203-650,53951440.862192065
2451,13203-651,27760459.349030305
2452,13203-659,9810537.010652602
2453,13203-660,2844290.384034265
2454,13203-661,4890381.927841779
2455,13203-666,37477210.57575899
2456,13203-671,32583644.30197458
2457,13203-672,60156170.40901519
2458,13203-679,4850216.170015935
2459,13203-680,63198305.72281338
2460,13203-681,60077957.29174061
2461,13203-682,3569840.148507081
2462,13203-688,27004394.370091528
2463,13203-689,12977481.621725176
2464,13203-690,32843209.791363347
2465,13203-691,21541398.551134586
2466,13203-692,59352407.5272678
2467,13203-697,39112042.172396824
2468,13203-698,39027102.28146817
2469,13203-699,39960321.19001769
2470,13203-704,49020357.263252154
2471,13203-705,12304717.835295241
2472,13203-709,9131583.426179599
2473,13203-710,20538331.92316701
2474,13203-712,48208045.56095368
2475,13203-713,27611144.586827394
2476,13203-714,52053943.75649926
2477,13203-715,48208045.56095368
2478,13203-722,51324763.938067004
2479,13203-723,65431610.7526999
2480,13203-725,49481161.47454366
2481,13203-726,21787387.091723926
2482,13203-727,48208045.56095368
2483,13203-729,46197921.33246857
2484,13204-15,50440675.35815044
2485,13204-16,56590150.54276596
2486,13204-26,59203098.58254739
2487,13204-27,54024628.368729234
2488,13204-33,29974332.133635078
2489,13204-34,52738503.89488383
2490,13204-35,36027153.12176933
2491,13204-44,17313108.43267518
2492,13204-48,56590150.54276596
2493,13204-59,47538476.30025916
2494,13204-60,54024628.368729234
2495,13204-70,31022000.21187391
2496,13204-76,46183517.21543518
2497,13204-77,5233596.149257831
2498,13204-78,54024628.368729234
2499,13204-84,38562105.44515572
2500,13204-92,49453180.40871084
2501,13204-93,35604648.725085296
2502,13204-272,50253307.4190163
2503,13204-280,46362363.05330401
2504,13204-281,29635269.736720033
2505,13204-296,42794070.33562253
2506,13204-297,64912900.446558885
2507,13204-302,55594100.955292776
2508,13204-307,53375205.859922156
2509,13204-308,44522390.6437401
2510,13204-318,13811860.815843562
2511,13204-319,19794242.54698174
2512,13204-321,52894390.97768569
2513,13204-322,46155672.230544835
2514,13204-323,8562071.556217548
2515,13204-324,63113093.79482082
2516,13204-335,30664651.39297743
2517,13204-358,42529473.41801385
2518,13204-359,-1346684.8803443052
2519,13204-360,43452865.53324309
2520,13204-372,50566346.877937995
2521,13204-374,37193411.6585056
2522,13204-433,44712333.41932973
2523,13204-435,4854346.833787039
2524,13204-436,47510563.53663647
2525,13204-442,40000949.20340443
2526,13204-449,3732163.4709654115
2527,13204-450,40550666.475351825
2528,13204-453,4622688.290538456
2529,13204-454,48355280.279030256
2530,13204-456,36908807.369923525
2531,13204-457,13388353.228856474
2532,13204-460,44754650.29998581
2533,13204-461,6297685.645002134
2534,13204-462,44159658.28512394
2535,13204-463,31533823.847173672
2536,13204-464,3732163.4709654115
2537,13204-465,21638015.949663945
2538,13204-466,50867056.44647014
2539,13204-467,45262050.69127713
2540,13204-468,4622688.290538456
2541,13204-469,42422404.45776312
2542,13204-470,8468586.486084033
2543,13204-471,56552927.051579624
2544,13204-472,30329883.61409036
2545,13204-473,7350533.787033506
2546,13204-481,61651065.7497461
2547,13204-482,-2753988.5975046568
2548,13204-483,29042440.016556635
2549,13204-484,45262050.69127713
2550,13204-485,30089246.07645242
2551,13204-491,57167209.413298264
2552,13204-493,60479838.73261431
2553,13204-494,51284894.53172127
2554,13204-495,36470958.613727435
2555,13204-496,30814852.22078231
2556,13204-497,14904657.314821256
2557,13204-498,48456982.185665034
2558,13204-499,38358356.88903605
2559,13204-500,47618801.99842835
2560,13204-501,47728780.688550316
2561,13204-505,26473732.50845593
2562,13204-507,26845701.10159263
2563,13204-508,47194794.78820414
2564,13204-509,38358356.88903605
2565,13204-510,4884633.475505229
2566,13204-511,23340760.482977197
2567,13204-512,3732163.4709654115
2568,13204-513,33335779.575502247
2569,13204-514,41914174.3807269
2570,13204-515,47806164.120079994
2571,13204-517,53034327.233592615
2572,13204-518,12339135.140784534
2573,13204-519,48242462.86644298
2574,13204-520,37295028.51789989
2575,13204-523,62203811.962655805
2576,13204-525,36919287.59902831
2577,13204-527,45891460.011628315
2578,13204-528,39949392.67388861
2579,13204-529,24848223.038257007
2580,13204-530,27764361.440053634
2581,13204-531,40008848.77857121
2582,13204-541,42018442.97276309
2583,13204-544,34353765.424991585
2584,13204-546,45760072.57627247
2585,13204-547,37772743.38047016
2586,13204-548,7350533.787033506
2587,13204-549,40927509.117032215
2588,13204-550,50544938.132704124
2589,13204-551,43795290.869434185
2590,13204-552,41592056.06696088
2591,13204-557,48600548.495531395
2592,13204-558,30089246.07645242
2593,13204-559,42352546.80741903
2594,13204-560,6297685.645002134
2595,13204-561,12323863.187925592
2596,13204-562,41142028.43625427
2597,13204-569,62203811.962655805
2598,13204-570,33042602.151952874
2599,13204-571,4622688.290538456
2600,13204-572,31533823.847173672
2601,13204-573,60479838.73261431
2602,13204-574,-3479538.361977473
2603,13204-575,253729.41080423445
2604,13204-577,57810916.00653707
2605,13204-578,51166070.669568114
2606,13204-579,30814852.22078231
2607,13204-582,50113371.16310938
2608,13204-583,44396564.6708974
2609,13204-585,42127591.97714016
2610,13204-586,33853663.49586992
2611,13204-587,45262050.69127713
2612,13204-588,4622688.290538456
2613,13204-589,40701531.247387834
2614,13204-590,33128113.7313971
2615,13204-591,3732163.4709654115
2616,13204-592,288146.7162935287
2617,13204-593,29489881.37995667
2618,13204-594,45053279.82439163
2619,13204-595,41207381.62884606
2620,13204-596,40765185.79457388
2621,13204-597,40188076.38851111
2622,13204-598,41914174.3807269
2623,13204-599,32095228.242291156
2624,13204-603,38176174.83117695
2625,13204-604,7350533.787033506
2626,13204-605,22399358.79032874
2627,13204-606,40927509.117032215
2628,13204-607,41058066.866643146
2629,13204-610,33335779.575502247
2630,13204-612,3732163.4709654115
2631,13204-613,28764331.615483854
2632,13204-614,59007181.82286217
2633,13204-615,35065204.90640018
2634,13204-616,45262050.69127713
2635,13204-617,29270185.296913635
2636,13204-627,35761069.14215194
2637,13204-628,45262050.69127713
2638,13204-630,29870925.764112063
2639,13204-631,47320172.47402254
2640,13204-632,40874334.79895095
2641,13204-634,43301470.72691385
2642,13204-635,38199663.62053716
2643,13204-637,60987239.12390563
2644,13204-638,12825366.491307732
2645,13204-640,39303606.03652347
2646,13204-641,57167209.413298264
2647,13204-643,38176174.83117695
2648,13204-644,30814852.22078231
2649,13204-645,42027821.47905908
2650,13204-647,-11879745.293514915
2651,13204-651,24128713.042522773
2652,13204-691,29316632.841340818
2653,13204-692,29316632.841340818
2654,13204-697,42085727.57390858
2655,13204-728,47320326.927077666
2656,13204-746,49487597.71420014
2657,13204-863,27846930.75285835
2658,13204-869,28894598.831097186
2659,13204-870,31460121.00513391
2660,13204-881,24437113.90279624
2661,13204-883,28894598.831097186
2662,13204-899,53281646.06973851
2663,13204-900,43024327.50461064
2664,13204-904,40595941.21826631
2665,13204-905,31856476.748936318
2666,13204-906,36750043.022720724
2667,13210-6,20748415.469272517
2668,13210-41,44368640.10842064
2669,13210-54,40990586.597382754
2670,13210-58,51592410.54282805
2671,13210-60,53575949.26225831
2672,13210-71,47114302.65871677
2673,13210-72,53575949.26225831
2674,13210-73,53575949.26225831
2675,13210-85,44836484.79292832
2676,13210-92,45827568.133829154
2677,13210-101,48817358.81529098
2678,13210-103,55228779.18487327
2679,13210-104,46640709.52187253
2680,13210-110,30050260.42121435
2681,13210-111,-260148.43520333245
2682,13210-112,12419807.963932324
2683,13210-115,-260148.43520333245
2684,13210-116,49305510.52222374
2685,13210-117,12419807.963932324
2686,13210-132,12419807.963932324
2687,13210-138,12419807.963932324
2688,13210-142,58564405.62178294
2689,13210-147,44504984.67289476
2690,13210-152,-1353162.335060548
2691,13210-153,-1353162.335060548
2692,13210-155,37962028.232383996
2693,13210-159,53345621.0145663
2694,13210-161,12419807.963932324
2695,13210-162,2255829.4747115597
2696,13210-163,34753816.14067678
2697,13210-166,17787016.070104808
2698,13210-167,43088302.44943842
2699,13210-168,19905874.125634685
2700,13210-171,51288630.764350146
2701,13210-190,46557358.00330362
2702,13210-191,48167150.80074814
2703,13210-199,31096381.789591644
2704,13210-232,42711459.80775804
2705,13210-239,46557358.00330362
2706,13210-246,41095385.223712176
2707,13210-266,36620077.70781542
2708,13210-267,30421926.299073756
2709,13210-268,34701743.545404315
2710,13210-281,42756805.62937643
2711,13210-282,39958575.51206969
2712,13210-283,41095385.223712176
2713,13210-284,43141476.76751969
2714,13210-288,34701743.545404315
2715,13210-296,44258699.78082532
2716,13210-297,44311874.09890658
2717,13210-300,34312870.66478604
2718,13210-301,35982119.56691317
2719,13210-303,39185599.88185215
2720,13210-304,57007787.14241968
2721,13210-309,44311874.09890658
2722,13210-310,41095385.223712176
2723,13210-314,28528779.571428586
2724,13210-325,52003670.48999773
2725,13210-326,40465975.90336101
2726,13210-331,39828017.76245875
2727,13210-404,34462976.75020721
2728,13210-428,27818848.437354896
2729,13210-441,38573620.49893409
2730,13210-448,51065719.804679975
2731,13210-449,46630009.65806505
2732,13210-450,42015822.89102221
2733,13210-451,9598918.743010279
2734,13210-452,56433102.14998287
2735,13210-453,49269543.20690134
2736,13210-454,54321806.049156204
2737,13210-460,7699341.593191139
2738,13210-461,39069600.70232974
2739,13210-462,19874697.969250012
2740,13210-463,20024012.73145292
2741,13210-464,5753020.547464706
2742,13210-465,47407183.73078603
2743,13210-471,53268957.90712483
2744,13210-472,49530658.70612322
2745,13210-474,56174787.01897553
2746,13210-475,53634872.03267613
2747,13210-476,37190030.923484
2748,13210-484,50374587.34569645
2749,13210-485,42015822.89102221
2750,13210-486,46323548.3372248
2751,13210-487,44085896.2292622
2752,13210-488,46939949.09732056
2753,13210-489,48500197.63064325
2754,13210-490,59215372.32294062
2755,13210-499,31281446.466237422
2756,13210-500,45590170.0762891
2757,13210-501,5133819.419154417
2758,13210-502,34122856.8104925
2759,13210-503,51069349.858639404
2760,13210-504,50475907.85361063
2761,13210-505,45590170.0762891
2762,13210-509,89528331.81409517
2763,13210-512,47809065.17165972
2764,13210-513,20918293.017306656
2765,13210-515,39915076.05176452
2766,13210-516,8667249.844293859
2767,13210-517,45737934.82865891
2768,13210-520,18645285.878887042
2769,13210-521,37349553.87772779
2770,13210-522,47223451.66309383
2771,13210-523,67741718.84730902
2772,13210-524,52870706.52021057
2773,13210-530,52346095.826188825
2774,13210-531,47809065.17165972
2775,13210-532,36688378.98452923
2776,13210-533,45590170.0762891
2777,13210-534,28990834.141101524
2778,13210-542,8667249.844293859
2779,13210-543,71962637.63763797
2780,13210-544,6101727.670257136
2781,13210-545,57222455.09721437
2782,13210-546,38367006.392952345
2783,13210-547,4264703.344815243
2784,13210-548,36682630.53219268
2785,13210-549,35402254.51068382
2786,13210-550,47809065.17165972
2787,13210-551,61068353.29275994
2788,13210-556,45178910.12911942
2789,13210-557,57222455.09721437
2790,13210-558,46874744.540301405
2791,13210-559,34122856.8104925
2792,13210-562,55597002.00687252
2793,13210-563,50205413.84809277
2794,13210-565,52870706.52021057
2795,13210-566,52573623.7056663
2796,13210-567,30042659.2437674
2797,13210-568,25153064.093470503
2798,13210-569,38317462.12883051
2799,13210-574,36022285.32473901
2800,13210-575,29610864.955156714
2801,13210-592,25581234.69191894
2802,13210-593,31992655.06150124
2803,13210-602,41802474.32707314
2804,13210-610,41802474.32707314
2805,13210-611,27032334.22086457
2806,13210-612,27032334.22086457
2807,13210-628,42666413.63759133
2808,13210-629,630376.3843697123
2809,13210-634,36022285.32473901
2810,13210-635,44759101.36139865
2811,13210-636,630376.3843697123
2812,13210-649,37302661.34624787
2813,13210-650,27032334.22086457
2814,13210-659,41135550.98153803
2815,13210-671,43714081.71583016
2816,13210-672,630376.3843697123
2817,13210-673,30530354.979362614
2818,13210-674,630376.3843697123
2819,13210-680,39443304.96181728
2820,13210-688,36877782.78778056
2821,13210-689,48402468.81416187
2822,13210-694,45316537.6885784
2823,13210-695,52369546.25302239
2824,13210-696,36877782.78778056
2825,13210-716,36957545.91488823
2826,13210-732,50372430.584792696
2827,13210-733,39523068.08892495
2828,13210-747,56435143.83158256
2829,13210-752,40574366.221123226
2830,13210-757,-6992585.395742856
2831,13210-760,-3146687.2001972757
2832,13210-761,-3146687.2001972757
2833,13210-762,-3146687.2001972757
2834,13210-764,21018085.818973955
2835,13210-769,-6992585.395742856
2836,13210-772,39619246.89557324
2837,13210-773,35957080.76771986
2838,13210-774,38522602.941756584
2839,13210-778,24170256.20275118
2840,13210-779,-4427063.22170613
2841,13210-780,52134228.23960867
2842,13210-785,17346152.84478622
2843,13210-786,24893198.95263006
2844,13210-789,-6992585.395742856
2845,13210-790,16034989.571747506
2846,13210-791,-3146687.2001972757
2847,13210-793,-3146687.2001972757
2848,13210-794,-6992585.395742856
2849,13210-795,-6992585.395742856
2850,13210-799,43648877.15881101
2851,13210-800,22580597.744900174
2852,13210-801,25264864.830489468
2853,13210-802,42842313.90884909
2854,13210-807,38996415.713303514
2855,13210-808,-6992585.395742856
2856,13210-809,-6992585.395742856
2857,13210-810,-3146687.2001972757
2858,13210-811,-6992585.395742856
2859,13210-812,37474934.86351775
2860,13210-817,38987037.20700753
2861,13214-6,50243009.32127329
2862,13214-8,49386901.80718954
2863,13214-9,55606761.612616755
2864,13214-11,60500327.88640116
2865,13214-12,49386901.80718954
2866,13214-14,53766789.20305285
2867,13214-17,48187539.27116979
2868,13214-18,35610005.10275711
2869,13214-22,48666804.14357316
2870,13214-23,50985769.38847653
2871,13214-152,31499046.272864148
2872,13214-158,35344944.468409725
2873,13214-178,37260496.99229227
2874,13214-213,-1883970.0677154996
2875,13214-214,48532616.34000279
2876,13214-220,45967094.165966064
2877,13214-221,46692643.93043888
2878,13214-231,-2609519.8321883157
2879,13214-232,-3335069.596661132
2880,13214-236,48178160.76487381
2881,13214-239,50743682.93891053
2882,13214-251,6936169.582686126
2883,13214-257,-3321148.9824417457
2884,13214-258,1317053.5444289073
2885,13214-265,8387269.1116317585
2886,13214-275,5096197.1731222235
2887,13214-276,-1974018.394080639
2888,13214-282,591503.7799560875
2889,13214-296,6936169.582686126
2890,13214-297,6936169.582686126
2891,13214-307,2042603.3089017197
2892,13214-308,16830374.39047724
2893,13214-328,6936169.582686126
2894,13214-329,14264852.21644052
2895,13214-331,24989405.41503387
2896,13214-337,48679312.77852814
2897,13214-352,5387187.869909987
2898,13214-409,42709939.607645385
2899,13214-410,12013309.603251323
2900,13214-411,54218668.98964925
2901,13214-417,32483408.29404737
2902,13214-419,53334722.30815765
2903,13214-420,34781236.83078077
2904,13214-426,67646858.57128924
2905,13214-427,36939129.111607246
2906,13214-428,51712899.271775246
2907,13214-436,52565876.6572
2908,13214-437,43995585.685473695
2909,13214-438,47452611.00040099
2910,13214-439,47452611.00040099
2911,13214-440,60257673.04829115
2912,13214-447,50389227.36378155
2913,13214-448,51114777.12825437
2914,13214-449,55144407.39149214
2915,13214-485,17109194.018161047
2916,13214-499,28897375.23934223
2917,13214-505,25051477.04379666
2918,13214-509,41067506.8335606
2919,13214-524,34804195.58584774
2920,13214-525,22485954.869759932
2921,13214-548,25548430.114573352
2922,13214-555,37401964.52834632
2923,13214-558,35805748.67970123
2924,13214-563,44556141.665160306
2925,13214-564,28346660.231880095
2926,13214-566,38171537.42362034
2927,13214-567,32081029.727470607
2928,13214-570,52973487.820724264
2929,13214-571,54278072.95568153
2930,13214-588,48658956.9174243
2931,13214-589,36038456.622971244
2932,13214-597,56834216.623422265
2933,13214-615,40825674.260593124
2934,13214-616,95088887.45169684
2935,13214-677,22331111.553634055
2936,13214-694,18593243.093335018
2937,13214-697,58170915.821357355
2938,13214-700,31889966.28901859
2939,13214-701,3667894.7783605903
2940,13214-702,42709939.607645385
2941,13214-705,8892961.172178566
2942,13214-706,43998715.81413268
2943,13214-707,4378613.935680985
2944,13214-713,32896445.57006608
2945,13214-718,54639307.443114914
2946,13214-719,41433193.640095964
2947,13214-723,40742781.50520065
2948,13214-724,14650763.107961286
2949,13214-725,10790034.305263285
2950,13214-733,17478820.44824393
2951,13214-740,26892427.774678096
2952,13214-746,22813821.635862503
2953,13214-747,44588679.70074622
2954,13214-748,43151157.12060002
2955,13214-749,5104220.080010872
2956,13214-750,49745741.16933051
2957,13214-759,19081886.472034372
2958,13214-765,42495162.29119399
2959,13214-770,58939431.71187055
2960,13214-771,56327313.35783401
2961,13214-772,32562569.054426074
2962,13214-774,41453727.98153697
2963,13214-777,41426911.85349463
2964,13214-781,32678296.196884587
2965,13214-783,32467748.00115004
2966,13214-789,32467748.00115004
2967,13214-791,32467748.00115004
2968,13214-795,45845414.99735068
2969,13214-796,37361100.17402649
2970,13214-801,14034362.34786553
2971,13214-803,11088367.478188988
2972,13214-804,11088367.478188988
2973,13214-805,55279645.279595174
2974,13214-809,43715361.88393204
2975,13214-813,22084300.74790217
2976,13214-814,45927978.49267289
2977,13214-815,43129748.37536615
2978,13214-818,11088367.478188988
2979,13214-819,26244432.38089381
2980,13214-821,62175507.28540182
2981,13214-822,11088367.478188988
2982,13214-823,45524547.04196609
2983,13214-828,11088367.478188988
2984,13214-829,18552635.98980266
2985,13214-833,-1426613.865846444
2986,13214-834,53436042.81607184
2987,13214-835,26621104.08341534
2988,13214-836,14706737.794257082
2989,13214-837,37588628.05350397
2990,13214-838,16656300.553904573
2991,13214-840,45166461.41287767
2992,13214-841,18552635.98980266
2993,13214-846,50637812.6987651
2994,13214-847,11088367.478188988
2995,13214-848,59780708.61880188
2996,13214-849,51041244.149471894
2997,13214-850,17827086.225329842
2998,13214-851,15248555.491037697
